rank,uri,artist_names,track_name,source,peak_rank,previous_rank,weeks_on_chart,streams,id
1,spotify:track:1Es7AUAhQvapIcoh3qMKDL,"The Weeknd, Playboi Carti",Timeless (with Playboi Carti),XO / Republic Records,1,-1,1,16201681,1Es7AUAhQvapIcoh3qMKDL
2,spotify:track:2plbrEY59IikOBgBGLjaoe,"Lady Gaga, Bruno Mars",Die With A Smile,Interscope,1,1,7,13576298,2plbrEY59IikOBgBGLjaoe
3,spotify:track:5G2f63n7IPVPPjfNIGih7Q,Sabrina Carpenter,Taste,Island Records,1,2,6,13477586,5G2f63n7IPVPPjfNIGih7Q
4,spotify:track:0WbMK4wrZ1wFSty9F7FCgu,Chappell Roan,"Good Luck, Babe!",Chappell Roan PS/ Island,1,3,26,12047867,0WbMK4wrZ1wFSty9F7FCgu
5,spotify:track:6dOtVTDdiauQNBQEDOtlAB,Billie Eilish,BIRDS OF A FEATHER,Darkroom/Interscope Records,2,4,20,11407538,6dOtVTDdiauQNBQEDOtlAB
6,spotify:track:7tI8dRuH2Yc6RuoTjxo4dU,Jimin,Who,BIGHIT MUSIC,2,5,11,10563283,7tI8dRuH2Yc6RuoTjxo4dU
7,spotify:track:2HRqTpkrJO5ggZyyK6NPWz,Sabrina Carpenter,Espresso,Island Records,1,6,25,9713707,2HRqTpkrJO5ggZyyK6NPWz
8,spotify:track:1UHS8Rf6h5Ar3CDWRd3wjF,Sabrina Carpenter,Bed Chem,Island Records,7,8,6,8911295,1UHS8Rf6h5Ar3CDWRd3wjF
9,spotify:track:2tHwzyyOLoWSFqYNjeVMzj,Sabrina Carpenter,Please Please Please,Island Records,1,7,17,8736065,2tHwzyyOLoWSFqYNjeVMzj
10,spotify:track:5IZXB5IKAD2qlvTPJYDCFB,"Post Malone, Morgan Wallen",I Had Some Help (Feat. Morgan Wallen),Mercury Records / Republic Records,1,10,21,8574690,5IZXB5IKAD2qlvTPJYDCFB
11,spotify:track:5fZJQrFKWQLb7FpJXZ1g7K,Shaboozey,A Bar Song (Tipsy),American Dogwood / EMPIRE,3,11,25,8551728,5fZJQrFKWQLb7FpJXZ1g7K
12,spotify:track:4xdBrk0nFZaP54vvZj0yx7,Chappell Roan,HOT TO GO!,Chappell Roan PS/ Island,9,9,25,8000192,4xdBrk0nFZaP54vvZj0yx7
13,spotify:track:6AI3ezQ4o3HUoP6Dhudph3,Kendrick Lamar,Not Like Us,"Kendrick Lamar, under exclusive license to Interscope Records",1,12,22,6849595,6AI3ezQ4o3HUoP6Dhudph3
14,spotify:track:2262bWmqomIaJXwCRHr13j,Gigi Perez,Sailor Song,Gigi Perez PS/ Island,14,14,10,6641201,2262bWmqomIaJXwCRHr13j
15,spotify:track:1k2pQc5i348DCHwbn5KTdc,Chappell Roan,Pink Pony Club,Chappell Roan PS/ Island,12,13,17,6616980,1k2pQc5i348DCHwbn5KTdc
16,spotify:track:3xkHsmpQCBMytMJNiDf3Ii,Benson Boone,Beautiful Things,"Night Street Records, Inc./Warner Records Inc.",1,15,37,6417011,3xkHsmpQCBMytMJNiDf3Ii
17,spotify:track:5AJ9hqTS2wcFQCELCFRO7A,Tommy Richman,MILLION DOLLAR BABY,PULSE Records,2,16,23,6075987,5AJ9hqTS2wcFQCELCFRO7A
18,spotify:track:4KULAymBBJcPRpk1yO4dOG,"Zach Bryan, Kacey Musgraves",I Remember Everything (feat. Kacey Musgraves),Warner Records,1,17,58,5965873,4KULAymBBJcPRpk1yO4dOG
19,spotify:track:0mflMxspEfB0VbI1kyLiAv,Noah Kahan,Stick Season,Mercury Records/Republic Records,2,21,101,5910429,0mflMxspEfB0VbI1kyLiAv
20,spotify:track:102YUQbYmwdBXS7jwamI90,Sabrina Carpenter,Good Graces,Island Records,7,28,6,5732181,102YUQbYmwdBXS7jwamI90
21,spotify:track:17phhZDn6oGtzMe56NuWvj,Teddy Swims,Lose Control,Warner Records,10,19,47,5619029,17phhZDn6oGtzMe56NuWvj
22,spotify:track:3QaPy1KgI7nu9FJEQUgn6h,Billie Eilish,WILDFLOWER,Darkroom/Interscope Records,11,29,20,5585577,3QaPy1KgI7nu9FJEQUgn6h
23,spotify:track:4ZJ4vzLQekI0WntDbanNC7,Zach Bryan,Pink Skies,Warner Records,8,23,19,5581618,4ZJ4vzLQekI0WntDbanNC7
24,spotify:track:51rfRCiUSvxXlCSCfIztBy,Gracie Abrams,"I Love You, I'm Sorry","Gracie Abrams, under exclusive license to Interscope Records",22,22,12,5464450,51rfRCiUSvxXlCSCfIztBy
25,spotify:track:19XpFsce28aByvCC4g89tJ,Hozier,Too Sweet,Rubyworks / Universal-Island Records Ltd,1,20,28,5433056,19XpFsce28aByvCC4g89tJ
26,spotify:track:1XBYiRV30ykHw5f4wm6qEn,The Kid LAROI,NIGHTS LIKE THIS,Columbia,24,30,15,5392078,1XBYiRV30ykHw5f4wm6qEn
27,spotify:track:7KA4W4McWYRpgf0fWsJZWB,"Tyler, The Creator, Kali Uchis",See You Again (feat. Kali Uchis),Columbia,5,35,170,5330297,7KA4W4McWYRpgf0fWsJZWB
28,spotify:track:21B4gaTWnTkuSh77iWEXdS,Sabrina Carpenter,Juno,Island Records,13,45,6,5267926,21B4gaTWnTkuSh77iWEXdS
29,spotify:track:0cQVqPuHQP4KEwc7ZUQmj6,The Neighbourhood,Sweater Weather,Columbia,13,32,215,5256559,0cQVqPuHQP4KEwc7ZUQmj6
30,spotify:track:3WMj8moIAXJhHsyLaqIIHI,Zach Bryan,Something in the Orange,Warner Records,4,25,128,5185283,3WMj8moIAXJhHsyLaqIIHI
31,spotify:track:6GG4yyk3UATdBfTHVgI8PB,Luke Combs,Ain't No Love In Oklahoma (From Twisters: The Album),Atlantic Records,17,24,20,5019713,6GG4yyk3UATdBfTHVgI8PB
32,spotify:track:5iJKGpnFfvbjZJeAtwXfCj,Zach Bryan,28,Warner Records,10,31,13,4968096,5iJKGpnFfvbjZJeAtwXfCj
33,spotify:track:7FOgcfdz9Nx5V9lCNXdBYv,Chappell Roan,Red Wine Supernova,Chappell Roan PS/ Island,15,26,26,4956712,7FOgcfdz9Nx5V9lCNXdBYv
34,spotify:track:2cZOYofOX4d6g0OXxkaIjA,Playboi Carti,ALL RED,AWGE/Interscope Records,4,18,3,4818187,2cZOYofOX4d6g0OXxkaIjA
35,spotify:track:7Fzl7QaTu47WyP9R5S5mh5,Morgan Wallen,Lies Lies Lies,Big Loud Records / Mercury Records / Republic Records,9,40,13,4798335,7Fzl7QaTu47WyP9R5S5mh5
36,spotify:track:3WOhcATHxK2SLNeP5W3v1v,"Charli xcx, Billie Eilish",Guess featuring Billie Eilish,Atlantic Records,7,33,9,4735121,3WOhcATHxK2SLNeP5W3v1v
37,spotify:track:51eSHglvG1RJXtL3qI5trr,Benson Boone,Slow It Down,"Night Street Records, Inc./Warner Records Inc.",22,37,28,4638762,51eSHglvG1RJXtL3qI5trr
38,spotify:track:7fveJ3pk1eSfxBdVkzdXZ0,"Morgan Wallen, ERNEST",Cowgirls (feat. ERNEST),Big Loud Records / Mercury Records / Republic Records,19,36,76,4481677,7fveJ3pk1eSfxBdVkzdXZ0
39,spotify:track:2uqYupMHANxnwgeiXTZXzd,Dasha,Austin (Boots Stop Workin'),Warner Records,20,39,30,4478870,2uqYupMHANxnwgeiXTZXzd
40,spotify:track:2Dct3GykKZ58hpWRFfe2Qd,Zach Bryan,Heading South,Warner Records,30,41,99,4449761,2Dct3GykKZ58hpWRFfe2Qd
41,spotify:track:2aYZaN5SmkRDLsrrV8GkBQ,"Peso Pluma, Neton Vega",LA PATRULLA,2024 Double P Records,41,43,14,4400421,2aYZaN5SmkRDLsrrV8GkBQ
42,spotify:track:3WSOUb3U7tqURbBSgZTrZX,Chappell Roan,Casual,Chappell Roan PS/ Island,32,38,18,4368365,3WSOUb3U7tqURbBSgZTrZX
43,spotify:track:24XihnoVPWXlKJ4BgXqjVM,Tate McRae,It's ok I'm ok,RCA Records Label,15,27,3,4356244,24XihnoVPWXlKJ4BgXqjVM
44,spotify:track:42VsgItocQwOQC3XWZ8JNA,"Travis Scott, Playboi Carti",FE!N (feat. Playboi Carti),Cactus Jack/Epic,2,50,62,4350127,42VsgItocQwOQC3XWZ8JNA
45,spotify:track:4Na2HfNSr58chvfX69fy36,Gunna,one of wun,300 Entertainment,23,52,21,4217544,4Na2HfNSr58chvfX69fy36
46,spotify:track:3xKsf9qdS1CyvXSMEid6g8,Frank Ocean,Pink + White,Boys Don't Cry,30,51,112,4187501,3xKsf9qdS1CyvXSMEid6g8
47,spotify:track:1SjsVdSXpwm1kTdYEHoPIT,Zach Bryan,Sun to Me,Warner Records,35,46,73,4180822,1SjsVdSXpwm1kTdYEHoPIT
48,spotify:track:6MzofobZt2dm0Kf1hTThFz,Addison Rae,Diet Pepsi,Columbia,48,66,6,4120712,6MzofobZt2dm0Kf1hTThFz
49,spotify:track:58ge6dfP91o9oXMzq3XkIS,Arctic Monkeys,505,Domino Recording Co,18,44,193,4024088,58ge6dfP91o9oXMzq3XkIS
50,spotify:track:7K3BhSpAxZBznislvUMVtn,Morgan Wallen,Last Night,Big Loud Records / Mercury Records / Republic Records,1,48,88,4003536,7K3BhSpAxZBznislvUMVtn
51,spotify:track:0OA00aPt3BV10qeMIs3meW,"Hanumankind, Kalmi",Big Dawgs,Universal Music India Pvt Ltd.,13,47,10,3847844,0OA00aPt3BV10qeMIs3meW
52,spotify:track:4QTlxavdQGUVitxAvQqqkU,BigXthaPlug,Mmhmm,BigXthaPlug under exclusive license to UnitedMasters LLC,38,55,42,3744585,4QTlxavdQGUVitxAvQqqkU
53,spotify:track:3siwsiaEoU4Kuuc9WKMUy5,The Marías,No One Noticed,Nice Life/Atlantic,53,74,7,3727691,3siwsiaEoU4Kuuc9WKMUy5
54,spotify:track:0PAcdVzhPO4gq1Iym9ESnK,Morgan Wallen,Thinkin’ Bout Me,Big Loud Records / Mercury Records / Republic Records,9,57,83,3689633,0PAcdVzhPO4gq1Iym9ESnK
55,spotify:track:3vkCueOmm7xQDoJ17W1Pm3,Mitski,My Love Mine All Mine,Dead Oceans,3,54,55,3663812,3vkCueOmm7xQDoJ17W1Pm3
56,spotify:track:5oIVNm56t6OIf9ZjdEG3ud,Sabrina Carpenter,Coincidence,Island Records,15,70,6,3587776,5oIVNm56t6OIf9ZjdEG3ud
57,spotify:track:6WatFBLVB0x077xWeoVc2k,KAROL G,Si Antes Te Hubiera Conocido,Bichota/Interscope Records,44,58,15,3576379,6WatFBLVB0x077xWeoVc2k
58,spotify:track:6dBUzqjtbnIa1TwYbyw5CM,TV Girl,Lovers Rock,TV Girl,38,61,98,3500338,6dBUzqjtbnIa1TwYbyw5CM
59,spotify:track:2Lumsra3kuU61wXkEKzKaK,Surf Curse,Disco,Surf Curse,46,63,5,3477965,2Lumsra3kuU61wXkEKzKaK
60,spotify:track:1Qrg8KqiBpW07V7PNxwwwL,SZA,Kill Bill,Top Dawg Entertainment/RCA Records,1,77,95,3472268,1Qrg8KqiBpW07V7PNxwwwL
61,spotify:track:629DixmZGHc7ILtEntuiWE,Billie Eilish,LUNCH,Darkroom/Interscope Records,4,81,20,3457996,629DixmZGHc7ILtEntuiWE
62,spotify:track:51ZQ1vr10ffzbwIjDCwqm4,Ariana Grande,we can't be friends (wait for your love),Republic Records,2,67,30,3457008,51ZQ1vr10ffzbwIjDCwqm4
63,spotify:track:3dYD57lRAUcMHufyqn9GcI,Hozier,Take Me To Church,Universal-Island Records Ltd.,63,78,45,3438089,3dYD57lRAUcMHufyqn9GcI
64,spotify:track:2tudvzsrR56uom6smgOcSf,"Future, Metro Boomin, Kendrick Lamar",Like That,Wilburn Holding Co./Boominati/Epic/Republic,1,60,28,3432997,2tudvzsrR56uom6smgOcSf
65,spotify:track:3pXF1nA74528Edde4of9CC,Bryson Tiller,Don't,TrapSoul/RCA Records,65,69,145,3425972,3pXF1nA74528Edde4of9CC
66,spotify:track:7iQMm50NNwlUIRWhONZR2k,Tucker Wetmore,Wind Up Missin’ You,Tucker Wetmore,48,80,27,3419830,7iQMm50NNwlUIRWhONZR2k
67,spotify:track:3hxIUxnT27p5WcmjGUXNwx,Hotel Ugly,Shut up My Moms Calling,"Hotel Ugly, under exclusive license to Amuseio AB",29,68,109,3390616,3hxIUxnT27p5WcmjGUXNwx
68,spotify:track:6dgUya35uo964z7GZXM07g,Sabrina Carpenter,Nonsense,Island Records,15,93,90,3389958,6dgUya35uo964z7GZXM07g
69,spotify:track:5AH31dDNgxCMGDdxubNNn4,Fuerza Regida,NEL,Rancho Humilde/Street Mob Records,69,105,8,3381365,5AH31dDNgxCMGDdxubNNn4
70,spotify:track:3iPIDAFybaoyqX7hvAfWkl,Sabrina Carpenter,Sharpest Tool,Island Records,12,91,6,3369547,3iPIDAFybaoyqX7hvAfWkl
71,spotify:track:5W4kiM2cUYBJXKRudNyxjW,Morgan Wallen,You Proof,Big Loud Records / Mercury Records / Republic Records,8,82,125,3359385,5W4kiM2cUYBJXKRudNyxjW
72,spotify:track:3Pbp7cUCx4d3OAkZSCoNvn,Michael Marcagi,Scared To Start,Warner Records,16,59,37,3350740,3Pbp7cUCx4d3OAkZSCoNvn
73,spotify:track:7BRD7x5pt8Lqa1eGYC4dzj,Billie Eilish,CHIHIRO,Darkroom/Interscope Records,7,110,20,3348828,7BRD7x5pt8Lqa1eGYC4dzj
74,spotify:track:5lKFO0PrOC9jmOlPEdjHsL,"Tito Double P, Peso Pluma",DOS DÍAS,2024 Double P Records,74,135,4,3328823,5lKFO0PrOC9jmOlPEdjHsL
75,spotify:track:1BxfuPKGuaTgP7aM0Bbdwr,Taylor Swift,Cruel Summer,Taylor Swift,2,79,99,3311203,1BxfuPKGuaTgP7aM0Bbdwr
76,spotify:track:0JXXNGljqupsJaZsgSbMZV,Miguel,Sure Thing,Jive,10,72,98,3304984,0JXXNGljqupsJaZsgSbMZV
77,spotify:track:3Vr3zh0r7ALn8VLqCiRR10,Myles Smith,Stargazing,RCA Records Label,24,71,21,3292084,3Vr3zh0r7ALn8VLqCiRR10
78,spotify:track:003vvx7Niy0yvhvHt4a68B,The Killers,Mr. Brightside,Island Records,50,89,214,3286275,003vvx7Niy0yvhvHt4a68B
79,spotify:track:0ofHAoxe9vBkTCp2UQIavz,Fleetwood Mac,Dreams - 2004 Remaster,Rhino/Warner Records,6,100,194,3269002,0ofHAoxe9vBkTCp2UQIavz
80,spotify:track:19RybK6XDbAVpcdxSbZL1o,Charli xcx,Apple,Atlantic Records,16,64,12,3266542,19RybK6XDbAVpcdxSbZL1o
81,spotify:track:7DfFc7a6Rwfi3YQMRbDMau,Frank Ocean,Thinkin Bout You,Red Zone Entertainment / IDJ,42,84,40,3252161,7DfFc7a6Rwfi3YQMRbDMau
82,spotify:track:4q5YezDOIPcoLr8R81x9qy,Taylor Swift,I Can Do It With a Broken Heart,Taylor Swift,3,90,24,3250171,4q5YezDOIPcoLr8R81x9qy
83,spotify:track:3qhlB30KknSejmIvZZLjOD,Djo,End of Beginning,Djo,3,75,33,3241924,3qhlB30KknSejmIvZZLjOD
84,spotify:track:2Zo1PcszsT9WQ0ANntJbID,Sabrina Carpenter,Feather,Island Records,20,116,45,3229365,2Zo1PcszsT9WQ0ANntJbID
85,spotify:track:2c7z5oRcPBbqRaBY2mLWcf,Don Toliver,NEW DROP,Cactus Jack / Atlantic,85,130,3,3212099,2c7z5oRcPBbqRaBY2mLWcf
86,spotify:track:1C84d9abZVKWHT2YYpoean,"Luis R Conriquez, Neton Vega",Si No Quieres No,Kartel Music,62,86,22,3208205,1C84d9abZVKWHT2YYpoean
87,spotify:track:0gEyKnHvgkrkBM6fbeHdwK,The Cranberries,Linger,Island Records,86,87,20,3190907,0gEyKnHvgkrkBM6fbeHdwK
88,spotify:track:6IPwKM3fUUzlElbvKw2sKl,girl in red,we fell in love in october,world in red,60,185,36,3178662,6IPwKM3fUUzlElbvKw2sKl
89,spotify:track:2PnlsTsOTLE5jnBnNe2K0A,Linkin Park,The Emptiness Machine,Warner Records,18,56,4,3147400,2PnlsTsOTLE5jnBnNe2K0A
90,spotify:track:2OzhQlSqBEmt7hmkYxfT6m,"Taylor Swift, Post Malone",Fortnight (feat. Post Malone),Taylor Swift,1,95,24,3129371,2OzhQlSqBEmt7hmkYxfT6m
91,spotify:track:0qRR9d89hIS0MHRkQ0ejxX,Daryl Hall & John Oates,Rich Girl,RCA Records Label,57,73,32,3127853,0qRR9d89hIS0MHRkQ0ejxX
92,spotify:track:3GCdLUSnKSMJhs4Tj6CV3s,"Kendrick Lamar, SZA",All The Stars (with SZA),Black Panther (TDE/DMG) PS,2,123,108,3126574,3GCdLUSnKSMJhs4Tj6CV3s
93,spotify:track:1mMLMZYXkMueg65jRRWG1l,Luke Combs,When It Rains It Pours,River House Artists/Columbia Nashville,60,96,127,3121055,1mMLMZYXkMueg65jRRWG1l
94,spotify:track:1bjeWoagtHmUKputLVyDxQ,SZA,Saturn,Top Dawg Entertainment/RCA Records,5,88,32,3107877,1bjeWoagtHmUKputLVyDxQ
95,spotify:track:6Qyc6fS4DsZjB2mRW9DsQs,The Goo Goo Dolls,Iris,Warner Records,86,98,33,3107836,6Qyc6fS4DsZjB2mRW9DsQs
96,spotify:track:68Dni7IE4VyPkTOH9mRWHr,J. Cole,No Role Modelz,Roc Nation Records LLC,10,120,347,3080381,68Dni7IE4VyPkTOH9mRWHr
97,spotify:track:6me7F0aaZjwDo6RJ5MrfBD,Richy Mitch & The Coal Miners,Evergreen,Richy Mitch & The Coal Miners,40,94,54,3077328,6me7F0aaZjwDo6RJ5MrfBD
98,spotify:track:0yc6Gst2xkRu0eMLeRMGCX,Cigarettes After Sex,Apocalypse,Partisan Records,49,115,95,3069343,0yc6Gst2xkRu0eMLeRMGCX
99,spotify:track:3fgehc497TFqKH1zBL2YNK,Linkin Park,Heavy Is the Crown,Warner Records,99,-1,1,3065050,3fgehc497TFqKH1zBL2YNK
100,spotify:track:2mWfVxEo4xZYDaz0v7hYrN,Clairo,Juna,Clairo,71,102,10,3060883,2mWfVxEo4xZYDaz0v7hYrN
101,spotify:track:3EaJDYHA0KnX88JvDhL9oa,Steve Lacy,Dark Red,Three Quarter,16,122,162,3026071,3EaJDYHA0KnX88JvDhL9oa
102,spotify:track:0OWhKvvsHptt6vnnNUSM9a,Zach Bryan,Oklahoma Smokeshow,Warner Records,64,107,64,3025451,0OWhKvvsHptt6vnnNUSM9a
103,spotify:track:53IRnAWx13PYmoVYtemUBS,Chappell Roan,Femininomenon,Chappell Roan PS/ Island,41,76,17,2997102,53IRnAWx13PYmoVYtemUBS
104,spotify:track:5RKQ5NdjSh2QzD4MaunT91,Journey,Don't Stop Believin' (2022 Remaster),Columbia/Legacy,92,118,80,2989476,5RKQ5NdjSh2QzD4MaunT91
105,spotify:track:698eQRku24PIYPQPHItKlA,Luke Combs,She Got the Best of Me,River House Artists/Columbia Nashville,58,108,44,2973762,698eQRku24PIYPQPHItKlA
106,spotify:track:3JG1uFc40wfyrqaWC7iv0e,Artemas,i like the way you kiss me,Artemas,3,125,28,2973149,3JG1uFc40wfyrqaWC7iv0e
107,spotify:track:2rxQMGVafnNaRaXlRMWPde,Luke Combs,Beautiful Crazy,River House Artists/Columbia Nashville,61,103,205,2972157,2rxQMGVafnNaRaXlRMWPde
108,spotify:track:3IznIgmXtrUaoPWpQTy5jB,TV Girl,Not Allowed,TV Girl,39,109,73,2967812,3IznIgmXtrUaoPWpQTy5jB
109,spotify:track:4EWCNWgDS8707fNSZ1oaA5,Kanye West,Heartless,Roc-A-Fella,37,144,151,2959280,4EWCNWgDS8707fNSZ1oaA5
110,spotify:track:6StwwqB84sJeLr7tZDTxEX,"Post Malone, Luke Combs",Guy For That (Feat. Luke Combs),Mercury Records / Republic Records,12,97,10,2955143,6StwwqB84sJeLr7tZDTxEX
111,spotify:track:2nLtzopw4rPReszdYBJU6h,Linkin Park,Numb,Warner Records,53,101,6,2920344,2nLtzopw4rPReszdYBJU6h
112,spotify:track:32fSZSbxeVoiZShMQKLc6Z,Chappell Roan,My Kink Is Karma,Chappell Roan PS/ Island,59,99,17,2920059,32fSZSbxeVoiZShMQKLc6Z
113,spotify:track:2UikqkwBv7aIvlixeVXHWt,Chris Stapleton,You Should Probably Leave,Mercury Nashville,56,124,67,2908647,2UikqkwBv7aIvlixeVXHWt
114,spotify:track:2tznHmp70DxMyr2XhWLOW0,Cage The Elephant,Cigarette Daydreams,RCA Records Label,104,114,93,2904767,2tznHmp70DxMyr2XhWLOW0
115,spotify:track:2yR2sziCF4WEs3klW1F38d,Odetari,KEEP UP,APG Inc. - Odetari,115,121,3,2900789,2yR2sziCF4WEs3klW1F38d
116,spotify:track:7FAFkQQZFeNwOFzTrSDFIh,"Mac Miller, Empire Of The Sun",The Spins,Rostrum Records,61,129,152,2879979,7FAFkQQZFeNwOFzTrSDFIh
117,spotify:track:5jfhLCSIFUO4ndzNRh4w4G,Zach Bryan,"Burn, Burn, Burn",Warner Records,68,111,60,2877912,5jfhLCSIFUO4ndzNRh4w4G
118,spotify:track:7sO5G9EABYOXQKNPNiE9NR,"Offset, Metro Boomin",Ric Flair Drip (with Metro Boomin),"Slaughter Gang, LLC/Epic/Quality Control Music/Motown/Capitol/Boominati Worldwide/Republic",4,106,232,2872849,7sO5G9EABYOXQKNPNiE9NR
119,spotify:track:1xK59OXxi2TAAAbmZK0kBL,d4vd,Romantic Homicide,Darkroom/Interscope Records,3,134,111,2854646,1xK59OXxi2TAAAbmZK0kBL
120,spotify:track:0XkZmBCCcdMY0EPY8ij6Gb,Sabrina Carpenter,Slim Pickins,Island Records,17,139,6,2846366,0XkZmBCCcdMY0EPY8ij6Gb
121,spotify:track:4iZ4pt7kvcaH6Yo8UoZ4s2,SZA,Snooze,Top Dawg Entertainment/RCA Records,10,180,95,2828819,4iZ4pt7kvcaH6Yo8UoZ4s2
122,spotify:track:3kXoKlD84c6OmIcOLfrfEs,"Earth, Wind & Fire",September,Columbia/Legacy,53,53,28,2823526,3kXoKlD84c6OmIcOLfrfEs
123,spotify:track:5XeFesFbtLpXzIVDNQP22n,Arctic Monkeys,I Wanna Be Yours,Domino Recording Co,62,132,101,2823414,5XeFesFbtLpXzIVDNQP22n
124,spotify:track:3fqwjXwUGN6vbzIwvyFMhx,Chris Stapleton,Tennessee Whiskey,Mercury Nashville,92,148,174,2807408,3fqwjXwUGN6vbzIwvyFMhx
125,spotify:track:2hrycoFU1mZw6YPvMcn8yC,Jordan Adetunji,KEHLANI,300 Entertainment,46,128,15,2791845,2hrycoFU1mZw6YPvMcn8yC
126,spotify:track:3FU6urUVsgXa6RBuV2PdRk,"Diplo, Morgan Wallen",Heartless (feat. Morgan Wallen),Columbia,57,117,104,2779252,3FU6urUVsgXa6RBuV2PdRk
127,spotify:track:0RiRZpuVRbi7oqRdSMwhQY,"Post Malone, Swae Lee",Sunflower - Spider-Man: Into the Spider-Verse,Republic Records,1,137,307,2758836,0RiRZpuVRbi7oqRdSMwhQY
128,spotify:track:3aCPResPDNae3pXTocGpYe,Future,LIL DEMON,Wilburn Holding Co./Epic,42,42,2,2755550,3aCPResPDNae3pXTocGpYe
129,spotify:track:28drn6tQo95MRvO0jQEo5C,"Future, Metro Boomin, Travis Scott, Playboi Carti",Type Shit,Wilburn Holding Co./Boominati/Epic/Republic,3,136,28,2754137,28drn6tQo95MRvO0jQEo5C
130,spotify:track:3cBsEDNhFI9E82vPj3kvi3,Morgan Wallen,Wasted On You,Big Loud / Republic,3,133,193,2753863,3cBsEDNhFI9E82vPj3kvi3
131,spotify:track:70LcF31zb1H0PyJoS1Sx1r,Radiohead,Creep,XL Recordings,129,157,25,2716691,70LcF31zb1H0PyJoS1Sx1r
132,spotify:track:56qiAh3R5y85Ng26tkAUD3,GloRilla,TGIF,CMG/Interscope Records,83,140,14,2713455,56qiAh3R5y85Ng26tkAUD3
133,spotify:track:3hRV0jL3vUpRrcy398teAU,Lord Huron,The Night We Met,Play It Again Sam,48,141,111,2706226,3hRV0jL3vUpRrcy398teAU
134,spotify:track:5TgEJ62DOzBpGxZ7WRsrqb,Hozier,Work Song,Universal-Island Records Ltd.,108,119,13,2700472,5TgEJ62DOzBpGxZ7WRsrqb
135,spotify:track:4nHJcUtNSUVjXRnjdP29Bk,Noah Kahan,You’re Gonna Go Far,Mercury Records/Republic Records,64,154,11,2691122,4nHJcUtNSUVjXRnjdP29Bk
136,spotify:track:4w2GLmK2wnioVnb5CPQeex,Charli xcx,360,Atlantic Records,21,104,18,2691055,4w2GLmK2wnioVnb5CPQeex
137,spotify:track:7KXjTSCq5nL1LoYtL7XAwS,Kendrick Lamar,HUMBLE.,Aftermath,1,147,218,2681284,7KXjTSCq5nL1LoYtL7XAwS
138,spotify:track:2LMkwUfqC6S6s6qDVlEuzV,Frank Ocean,White Ferrari,Boys Don't Cry,138,142,5,2680042,2LMkwUfqC6S6s6qDVlEuzV
139,spotify:track:62bOmKYxYg7dhrC6gH9vFn,*NSYNC,Bye Bye Bye - From Deadpool and Wolverine Soundtrack,Jive,31,145,10,2677793,62bOmKYxYg7dhrC6gH9vFn
140,spotify:track:7CyPwkp0oE8Ro9Dd5CUDjW,"The Weeknd, JENNIE, Lily-Rose Depp","One Of The Girls (with JENNIE, Lily Rose Depp)",XO / Republic Records,18,138,45,2676825,7CyPwkp0oE8Ro9Dd5CUDjW
141,spotify:track:1jKXjxMWlq4BhH6f9GtZbu,Don Toliver,TORE UP,Cactus Jack / Atlantic,104,170,4,2660780,1jKXjxMWlq4BhH6f9GtZbu
142,spotify:track:4S4QJfBGGrC8jRIjJHf1Ka,PinkPantheress,Pain,Parlophone UK,48,85,62,2660714,4S4QJfBGGrC8jRIjJHf1Ka
143,spotify:track:7z7kvUQGwlC6iOl7vMuAr9,The Weeknd,Dancing In The Flames,XO / Republic Records,20,83,3,2659792,7z7kvUQGwlC6iOl7vMuAr9
144,spotify:track:2fXwCWkh6YG5zU1IyvQrbs,SZA,Broken Clocks,Top Dawg Entertainment/RCA Records,130,155,25,2658068,2fXwCWkh6YG5zU1IyvQrbs
145,spotify:track:3yrSvpt2l1xhsV9Em88Pul,Van Morrison,Brown Eyed Girl,Sherman Records,68,113,34,2655122,3yrSvpt2l1xhsV9Em88Pul
146,spotify:track:2ZWlPOoWh0626oTaHrnl2a,Frank Ocean,Ivy,Boys Don't Cry,146,156,16,2649898,2ZWlPOoWh0626oTaHrnl2a
147,spotify:track:3azJifCSqg9fRij2yKIbWz,Tory Lanez,The Color Violet,One Umbrella Records,26,158,99,2645339,3azJifCSqg9fRij2yKIbWz
148,spotify:track:5TXDeTFVRVY7Cvt0Dw4vWW,XXXTENTACION,Revenge,Bad Vibes Forever / EMPIRE,25,165,108,2642766,5TXDeTFVRVY7Cvt0Dw4vWW
149,spotify:track:4SqWKzw0CbA05TGszDgMlc,The Walters,I Love You So,Warner Records,9,146,101,2629515,4SqWKzw0CbA05TGszDgMlc
150,spotify:track:09LrGvT9KsACH66RHYMDyR,Sabrina Carpenter,Don’t Smile,Island Records,21,191,6,2614943,09LrGvT9KsACH66RHYMDyR
151,spotify:track:0ydx75YiFzLjjQknKFNFwt,Alex Warren,Burning Down,Atlantic Records,126,126,2,2608013,0ydx75YiFzLjjQknKFNFwt
152,spotify:track:4KW1lqgSr8TKrvBII0Brf8,Kanye West,Father Stretch My Hands Pt. 1,Rock The World/IDJ/Kanye LP7,27,184,125,2603891,4KW1lqgSr8TKrvBII0Brf8
153,spotify:track:2jnezASa7o0lP6aif6VrIf,Future,TEFLON DON,Wilburn Holding Co./Epic,34,34,2,2594836,2jnezASa7o0lP6aif6VrIf
154,spotify:track:0CFhbNsY7CsuSkBQOiLPzz,"NLE Choppa, 41, Kyle Richh",Or What,Warner Records,154,-1,1,2593082,0CFhbNsY7CsuSkBQOiLPzz
155,spotify:track:3xOi0YhDREKRURFHoNaAOQ,Zach Bryan,Nine Ball,Warner Records,38,160,20,2581459,3xOi0YhDREKRURFHoNaAOQ
156,spotify:track:59nOXPmaKlBfGMDeOVGrIK,"Future, Drake, Tems",WAIT FOR U (feat. Drake & Tems),Epic/Freebandz,3,151,95,2577827,59nOXPmaKlBfGMDeOVGrIK
157,spotify:track:43SoxERu5UlXAgt4Es1VQU,Josh Meloy,Porch Light,Josh Meloy Music,120,149,23,2573030,43SoxERu5UlXAgt4Es1VQU
158,spotify:track:6QeYSvYqYUsfBzsApbjDHO,TV Girl,Cigarettes out the Window,TV Girl,94,143,35,2567640,6QeYSvYqYUsfBzsApbjDHO
159,spotify:track:3rXlcLZk3MCaRPND5g9QiW,"Tee Grizzley, J. Cole",Blow for Blow (feat. J. Cole),300 Entertainment,159,-1,1,2557237,3rXlcLZk3MCaRPND5g9QiW
160,spotify:track:7EkWXAI1wn8Ii883ecd9xr,Surf Curse,Freaks,Surf Curse,31,183,81,2554440,7EkWXAI1wn8Ii883ecd9xr
161,spotify:track:1aXV8GrmQLvgoFtBPERP7E,Eyedress,Jealous,Lex Records,137,167,42,2553732,1aXV8GrmQLvgoFtBPERP7E
162,spotify:track:6rjuKpPydT2SxN15TZpV7r,Lil Tecca,500lbs,Galactic Records/Lil Tecca,12,195,46,2553082,6rjuKpPydT2SxN15TZpV7r
163,spotify:track:6X6m4xmdFcz31p1h7Qg68c,Tito Double P,EL LOKERON,2024 Double P Records,163,-1,2,2549567,6X6m4xmdFcz31p1h7Qg68c
164,spotify:track:4BP3uh0hFLFRb5cjsgLqDh,Creedence Clearwater Revival,Fortunate Son,Craft Recordings,88,187,44,2547563,4BP3uh0hFLFRb5cjsgLqDh
165,spotify:track:7tqhbajSfrz2F7E1Z75ASX,"Marvin Gaye, Tammi Terrell",Ain't No Mountain High Enough,UNI/MOTOWN,108,168,17,2540117,7tqhbajSfrz2F7E1Z75ASX
166,spotify:track:3AJwUDP919kvQ9QcozQPxg,Coldplay,Yellow,Parlophone UK,131,131,12,2526778,3AJwUDP919kvQ9QcozQPxg
167,spotify:track:7AQim7LbvFVZJE3O8TYgf2,"XXXTENTACION, Trippie Redd",Fuck Love,Bad Vibes Forever / EMPIRE,8,175,212,2521702,7AQim7LbvFVZJE3O8TYgf2
168,spotify:track:7D0RhFcb3CrfPuTJ0obrod,Coldplay,Sparks,Parlophone UK,123,-1,26,2496071,7D0RhFcb3CrfPuTJ0obrod
169,spotify:track:43PuMrRfbyyuz4QpZ3oAwN,Bryson Tiller,Exchange,TrapSoul/RCA Records,84,173,69,2493259,43PuMrRfbyyuz4QpZ3oAwN
170,spotify:track:4E63weMCaNZuGPEFMnuEi8,Tate McRae,exes,RCA Records Label,16,164,34,2492916,4E63weMCaNZuGPEFMnuEi8
171,spotify:track:4k6Uh1HXdhtusDW5y8Gbvy,Steve Lacy,Bad Habit,L-M Records/RCA Records,1,163,91,2491216,4k6Uh1HXdhtusDW5y8Gbvy
172,spotify:track:2HbKqm4o0w5wEeEFXm2sD4,"Kendrick Lamar, Jay Rock",Money Trees,Aftermath,41,161,198,2482841,2HbKqm4o0w5wEeEFXm2sD4
173,spotify:track:4riDfclV7kPDT9D58FpmHd,Steve Lacy,Some,L-M Records,170,-1,9,2474161,4riDfclV7kPDT9D58FpmHd
174,spotify:track:6PhRhocBXP4y7NpciGmzra,"Cris Mj, FloyyMenor, LOUKI",Después De La 1,Sonar LLC.,174,188,2,2469292,6PhRhocBXP4y7NpciGmzra
175,spotify:track:5wbg8kepMFoMzHOEuxiI0q,Gracie Abrams,Close To You,"Gracie Abrams, under exclusive license to Interscope Records",27,112,17,2466268,5wbg8kepMFoMzHOEuxiI0q
176,spotify:track:0f8eRy9A0n6zXpKSHSCAEp,Steve Lacy,Infrunami,L-M Records,109,181,26,2450983,0f8eRy9A0n6zXpKSHSCAEp
177,spotify:track:1CDQzbCz4KSQxHe7LMEgRM,Eminem,Houdini,Shady/Aftermath/Interscope Records,5,166,18,2447567,1CDQzbCz4KSQxHe7LMEgRM
178,spotify:track:7ByxizhA4GgEf7Sxomxhze,Noah Kahan,All My Love,Mercury Records/Republic Records,120,-1,6,2446328,7ByxizhA4GgEf7Sxomxhze
179,spotify:track:57TEkZN3f84tFJFHFrD4pO,Morgan Wallen,Whiskey Glasses,Big Loud,43,179,263,2441166,57TEkZN3f84tFJFHFrD4pO
180,spotify:track:4PMqSO5qyjpvzhlLI5GnID,SZA,Good Days,Top Dawg Entertainment/RCA Records,1,182,165,2440181,4PMqSO5qyjpvzhlLI5GnID
181,spotify:track:0HTIrbUwwFn984RzVZm5Fk,Ken Carson,Yale,Ken Car$on,181,-1,2,2437402,0HTIrbUwwFn984RzVZm5Fk
182,spotify:track:4rXLjWdF2ZZpXCVTfWcshS,Gunna,fukumean,300 Entertainment,1,172,64,2434222,4rXLjWdF2ZZpXCVTfWcshS
183,spotify:track:5gDWsRxpJ2lZAffh5p7K0w,"The Weeknd, Lana Del Rey",Stargirl Interlude,Universal Republic Records,56,197,98,2430157,5gDWsRxpJ2lZAffh5p7K0w
184,spotify:track:3K4HG9evC7dg3N0R9cYqk4,Linkin Park,One Step Closer,Warner Records,126,152,5,2425120,3K4HG9evC7dg3N0R9cYqk4
185,spotify:track:2LBqCSwhJGcFQeTHMVGwy3,The Weeknd,Die For You,Universal Republic Records,8,-1,164,2419399,2LBqCSwhJGcFQeTHMVGwy3
186,spotify:track:43iIQbw5hx986dUEZbr3eN,Laufey,From The Start,Laufey,45,189,53,2414305,43iIQbw5hx986dUEZbr3eN
187,spotify:track:4pCbJC43j3gSqG6Fen6upD,"Zach Bryan, The War And Treaty",Hey Driver (feat. The War and Treaty),Warner Records,3,174,58,2411364,4pCbJC43j3gSqG6Fen6upD
188,spotify:track:5A8xI7PN4WDe9e61xEdt94,GloRilla,Yeah Glo!,CMG/Interscope Records,38,153,30,2404207,5A8xI7PN4WDe9e61xEdt94
189,spotify:track:2QfX9Pdz3q66fN3kCXl0Js,Zach Bryan,Revival,Warner Records,124,178,31,2392195,2QfX9Pdz3q66fN3kCXl0Js
190,spotify:track:3ZaEs1O8BG581qYPHpQ8d6,"A$AP Rocky, Imogen Heap, Clams Casino",I Smoked Away My Brain (I'm God x Demons Mashup) (feat. Imogen Heap & Clams Casino),A$AP Worldwide/RCA Records,147,-1,13,2386476,3ZaEs1O8BG581qYPHpQ8d6
191,spotify:track:1LzNfuep1bnAUR9skqdHCK,Mazzy Star,Fade Into You,Capitol Records,191,-1,1,2372307,1LzNfuep1bnAUR9skqdHCK
192,spotify:track:7zFXmv6vqI4qOt4yGf3jYZ,"Daniel Caesar, Kali Uchis",Get You (feat. Kali Uchis),Golden Child Recordings,173,176,22,2371867,7zFXmv6vqI4qOt4yGf3jYZ
193,spotify:track:0rtDE9zfXbamTlRUSwY7zy,Mark Ambor,Belong Together,"Hundred Days Records, LLC",52,196,26,2366148,0rtDE9zfXbamTlRUSwY7zy
194,spotify:track:3jHdKaLCkuNEkWcLVmQPCX,"Tyler, The Creator",BEST INTEREST,Columbia,148,-1,16,2354165,3jHdKaLCkuNEkWcLVmQPCX
195,spotify:track:5TRPicyLGbAF2LGBFbHGvO,"Kanye West, Dwele",Flashing Lights,Roc-A-Fella,53,-1,122,2353669,5TRPicyLGbAF2LGBFbHGvO
196,spotify:track:42T2QQv3xgBlpQxaSP7lnK,Creed,One Last Breath,The Bicycle Music Company,168,-1,2,2351409,42T2QQv3xgBlpQxaSP7lnK
197,spotify:track:0WiyWiJDkNCyGNqkv7NByy,Morgan Wallen,Chasin' You,Big Loud,55,194,148,2351240,0WiyWiJDkNCyGNqkv7NByy
198,spotify:track:6IZvVAP7VPPnsGX6bvgkqg,Kendrick Lamar,PRIDE.,Aftermath,10,-1,37,2349791,6IZvVAP7VPPnsGX6bvgkqg
199,spotify:track:6K4t31amVTZDgR3sKmwUJJ,Tame Impala,The Less I Know The Better,Universal Music Australia Pty. Ltd.,117,-1,145,2336524,6K4t31amVTZDgR3sKmwUJJ
200,spotify:track:22VHOlVYBqytsrAqV8yXBK,"Noah Kahan, Post Malone",Dial Drunk (with Post Malone),Mercury Records/Republic Records,13,-1,62,2329593,22VHOlVYBqytsrAqV8yXBK
1,spotify:track:2plbrEY59IikOBgBGLjaoe,"Lady Gaga, Bruno Mars",Die With A Smile,Interscope,1,1,7,77421467,2plbrEY59IikOBgBGLjaoe
2,spotify:track:6dOtVTDdiauQNBQEDOtlAB,Billie Eilish,BIRDS OF A FEATHER,Darkroom/Interscope Records,1,2,20,54110741,6dOtVTDdiauQNBQEDOtlAB
3,spotify:track:1Es7AUAhQvapIcoh3qMKDL,"The Weeknd, Playboi Carti",Timeless (with Playboi Carti),XO / Republic Records,3,-1,1,44559328,1Es7AUAhQvapIcoh3qMKDL
4,spotify:track:7tI8dRuH2Yc6RuoTjxo4dU,Jimin,Who,BIGHIT MUSIC,1,3,11,43963094,7tI8dRuH2Yc6RuoTjxo4dU
5,spotify:track:5G2f63n7IPVPPjfNIGih7Q,Sabrina Carpenter,Taste,Island Records,3,4,6,43268536,5G2f63n7IPVPPjfNIGih7Q
6,spotify:track:2HRqTpkrJO5ggZyyK6NPWz,Sabrina Carpenter,Espresso,Island Records,1,5,25,39043222,2HRqTpkrJO5ggZyyK6NPWz
7,spotify:track:0WbMK4wrZ1wFSty9F7FCgu,Chappell Roan,"Good Luck, Babe!",Chappell Roan PS/ Island,6,6,25,36087929,0WbMK4wrZ1wFSty9F7FCgu
8,spotify:track:6WatFBLVB0x077xWeoVc2k,KAROL G,Si Antes Te Hubiera Conocido,Bichota/Interscope Records,5,8,15,31694710,6WatFBLVB0x077xWeoVc2k
9,spotify:track:2tHwzyyOLoWSFqYNjeVMzj,Sabrina Carpenter,Please Please Please,Island Records,1,7,17,31402675,2tHwzyyOLoWSFqYNjeVMzj
10,spotify:track:2PnlsTsOTLE5jnBnNe2K0A,Linkin Park,The Emptiness Machine,Warner Records,6,9,4,28794244,2PnlsTsOTLE5jnBnNe2K0A
11,spotify:track:3xkHsmpQCBMytMJNiDf3Ii,Benson Boone,Beautiful Things,"Night Street Records, Inc./Warner Records Inc.",1,10,37,27202673,3xkHsmpQCBMytMJNiDf3Ii
12,spotify:track:1UHS8Rf6h5Ar3CDWRd3wjF,Sabrina Carpenter,Bed Chem,Island Records,9,11,6,25486368,1UHS8Rf6h5Ar3CDWRd3wjF
13,spotify:track:5fZJQrFKWQLb7FpJXZ1g7K,Shaboozey,A Bar Song (Tipsy),American Dogwood / EMPIRE,6,13,25,22228771,5fZJQrFKWQLb7FpJXZ1g7K
14,spotify:track:17phhZDn6oGtzMe56NuWvj,Teddy Swims,Lose Control,Warner Records,5,12,47,22093952,17phhZDn6oGtzMe56NuWvj
15,spotify:track:3fgehc497TFqKH1zBL2YNK,Linkin Park,Heavy Is the Crown,Warner Records,15,120,2,22090509,3fgehc497TFqKH1zBL2YNK
16,spotify:track:19XpFsce28aByvCC4g89tJ,Hozier,Too Sweet,Rubyworks / Universal-Island Records Ltd,2,14,28,21804907,19XpFsce28aByvCC4g89tJ
17,spotify:track:0cQVqPuHQP4KEwc7ZUQmj6,The Neighbourhood,Sweater Weather,Columbia,17,17,214,21244123,0cQVqPuHQP4KEwc7ZUQmj6
18,spotify:track:3QaPy1KgI7nu9FJEQUgn6h,Billie Eilish,WILDFLOWER,Darkroom/Interscope Records,15,23,20,20526523,3QaPy1KgI7nu9FJEQUgn6h
19,spotify:track:7CyPwkp0oE8Ro9Dd5CUDjW,"The Weeknd, JENNIE, Lily-Rose Depp","One Of The Girls (with JENNIE, Lily Rose Depp)",XO / Republic Records,3,16,52,19899355,7CyPwkp0oE8Ro9Dd5CUDjW
20,spotify:track:2262bWmqomIaJXwCRHr13j,Gigi Perez,Sailor Song,Gigi Perez PS/ Island,20,21,7,19809740,2262bWmqomIaJXwCRHr13j
21,spotify:track:5XeFesFbtLpXzIVDNQP22n,Arctic Monkeys,I Wanna Be Yours,Domino Recording Co,15,20,117,19707413,5XeFesFbtLpXzIVDNQP22n
22,spotify:track:3WOhcATHxK2SLNeP5W3v1v,"Charli xcx, Billie Eilish",Guess featuring Billie Eilish,Atlantic Records,5,18,9,18723855,3WOhcATHxK2SLNeP5W3v1v
23,spotify:track:5IZXB5IKAD2qlvTPJYDCFB,"Post Malone, Morgan Wallen",I Had Some Help (Feat. Morgan Wallen),Mercury Records / Republic Records,3,25,21,18598093,5IZXB5IKAD2qlvTPJYDCFB
24,spotify:track:3hRV0jL3vUpRrcy398teAU,Lord Huron,The Night We Met,Play It Again Sam,15,15,102,18482352,3hRV0jL3vUpRrcy398teAU
25,spotify:track:42VsgItocQwOQC3XWZ8JNA,"Travis Scott, Playboi Carti",FE!N (feat. Playboi Carti),Cactus Jack/Epic,5,29,55,18456074,42VsgItocQwOQC3XWZ8JNA
26,spotify:track:2esZG2XFtuoWWA9AfDvSxy,"FloyyMenor, Cris Mj",Gata Only,FloyyMenor under exclusive license to UnitedMasters LLC,3,24,34,18104707,2esZG2XFtuoWWA9AfDvSxy
27,spotify:track:51ZQ1vr10ffzbwIjDCwqm4,Ariana Grande,we can't be friends (wait for your love),Republic Records,1,26,30,17947836,51ZQ1vr10ffzbwIjDCwqm4
28,spotify:track:4xdBrk0nFZaP54vvZj0yx7,Chappell Roan,HOT TO GO!,Chappell Roan PS/ Island,22,22,16,17458056,4xdBrk0nFZaP54vvZj0yx7
29,spotify:track:3AJwUDP919kvQ9QcozQPxg,Coldplay,Yellow,Parlophone UK,19,19,198,17044126,3AJwUDP919kvQ9QcozQPxg
30,spotify:track:6AI3ezQ4o3HUoP6Dhudph3,Kendrick Lamar,Not Like Us,"Kendrick Lamar, under exclusive license to Interscope Records",2,28,22,17000449,6AI3ezQ4o3HUoP6Dhudph3
31,spotify:track:5AJ9hqTS2wcFQCELCFRO7A,Tommy Richman,MILLION DOLLAR BABY,PULSE Records,1,27,23,16952884,5AJ9hqTS2wcFQCELCFRO7A
32,spotify:track:6X6m4xmdFcz31p1h7Qg68c,Tito Double P,EL LOKERON,2024 Double P Records,32,50,5,16850946,6X6m4xmdFcz31p1h7Qg68c
33,spotify:track:3qhlB30KknSejmIvZZLjOD,Djo,End of Beginning,Djo,3,32,33,16758028,3qhlB30KknSejmIvZZLjOD
34,spotify:track:6PhRhocBXP4y7NpciGmzra,"Cris Mj, FloyyMenor, LOUKI",Después De La 1,Sonar LLC.,34,36,3,16639243,6PhRhocBXP4y7NpciGmzra
35,spotify:track:2nLtzopw4rPReszdYBJU6h,Linkin Park,Numb,Warner Records,24,30,31,16479600,2nLtzopw4rPReszdYBJU6h
36,spotify:track:1BxfuPKGuaTgP7aM0Bbdwr,Taylor Swift,Cruel Summer,Taylor Swift,2,34,87,16425207,1BxfuPKGuaTgP7aM0Bbdwr
37,spotify:track:42wdz3j7gstgUuhoFLCXqd,FloyyMenor,PELIGROSA,FloyyMenor under exclusive license to UnitedMasters LLC,37,40,8,16384202,42wdz3j7gstgUuhoFLCXqd
38,spotify:track:3JG1uFc40wfyrqaWC7iv0e,Artemas,i like the way you kiss me,Artemas,1,35,28,16215744,3JG1uFc40wfyrqaWC7iv0e
39,spotify:track:51rfRCiUSvxXlCSCfIztBy,Gracie Abrams,"I Love You, I'm Sorry","Gracie Abrams, under exclusive license to Interscope Records",32,37,9,16206700,51rfRCiUSvxXlCSCfIztBy
40,spotify:track:7KA4W4McWYRpgf0fWsJZWB,"Tyler, The Creator, Kali Uchis",See You Again (feat. Kali Uchis),Columbia,16,52,84,16154930,7KA4W4McWYRpgf0fWsJZWB
41,spotify:track:0Sr7ssScx54yxdM2ols7nW,"Omar Courtz, De La Rose",Q U E V A S H A C E R H O Y ?,Mr. 305 Records / Rimas Entertainment,41,-1,1,16123288,0Sr7ssScx54yxdM2ols7nW
42,spotify:track:2aYZaN5SmkRDLsrrV8GkBQ,"Peso Pluma, Neton Vega",LA PATRULLA,2024 Double P Records,41,41,15,15881727,2aYZaN5SmkRDLsrrV8GkBQ
43,spotify:track:2HRgqmZQC0MC7GeNuDIXHN,"Jung Kook, Latto",Seven (feat. Latto) (Explicit Ver.),BIGHIT MUSIC,1,33,64,15809274,2HRgqmZQC0MC7GeNuDIXHN
44,spotify:track:7bywjHOc0wSjGGbj04XbVi,"Feid, ATL Jacob",LUNA,UMLE - Latino,9,47,43,15673521,7bywjHOc0wSjGGbj04XbVi
45,spotify:track:62bOmKYxYg7dhrC6gH9vFn,*NSYNC,Bye Bye Bye - From Deadpool and Wolverine Soundtrack,Jive,10,38,10,15612765,62bOmKYxYg7dhrC6gH9vFn
46,spotify:track:0OA00aPt3BV10qeMIs3meW,"Hanumankind, Kalmi",Big Dawgs,Universal Music India Pvt Ltd.,7,31,10,15593983,0OA00aPt3BV10qeMIs3meW
47,spotify:track:1XBYiRV30ykHw5f4wm6qEn,The Kid LAROI,NIGHTS LIKE THIS,Columbia,42,53,15,15548205,1XBYiRV30ykHw5f4wm6qEn
48,spotify:track:0io16MKpbeDIdYzmGpQaES,Ndotz,Embrace It,Isekai Records,48,55,3,15511728,0io16MKpbeDIdYzmGpQaES
49,spotify:track:5lKFO0PrOC9jmOlPEdjHsL,"Tito Double P, Peso Pluma",DOS DÍAS,2024 Double P Records,49,63,5,15390104,5lKFO0PrOC9jmOlPEdjHsL
50,spotify:track:3Vr3zh0r7ALn8VLqCiRR10,Myles Smith,Stargazing,RCA Records Label,16,42,21,15152674,3Vr3zh0r7ALn8VLqCiRR10
51,spotify:track:6Qyc6fS4DsZjB2mRW9DsQs,The Goo Goo Dolls,Iris,Warner Records,40,46,57,15119821,6Qyc6fS4DsZjB2mRW9DsQs
52,spotify:track:5QjmUqgpPQgXgg4606DqZF,Kapo,UWAIE,Sony Music Latin/La Industria,19,39,7,14887787,5QjmUqgpPQgXgg4606DqZF
53,spotify:track:6MzofobZt2dm0Kf1hTThFz,Addison Rae,Diet Pepsi,Columbia,53,80,5,14617655,6MzofobZt2dm0Kf1hTThFz
54,spotify:track:2uqYupMHANxnwgeiXTZXzd,Dasha,Austin (Boots Stop Workin'),Warner Records,20,44,30,14502268,2uqYupMHANxnwgeiXTZXzd
55,spotify:track:1Qrg8KqiBpW07V7PNxwwwL,SZA,Kill Bill,Top Dawg Entertainment/RCA Records,1,60,95,14447079,1Qrg8KqiBpW07V7PNxwwwL
56,spotify:track:51eSHglvG1RJXtL3qI5trr,Benson Boone,Slow It Down,"Night Street Records, Inc./Warner Records Inc.",27,54,28,14324746,51eSHglvG1RJXtL3qI5trr
57,spotify:track:3vkCueOmm7xQDoJ17W1Pm3,Mitski,My Love Mine All Mine,Dead Oceans,3,56,54,14122633,3vkCueOmm7xQDoJ17W1Pm3
58,spotify:track:102YUQbYmwdBXS7jwamI90,Sabrina Carpenter,Good Graces,Island Records,11,70,6,13981091,102YUQbYmwdBXS7jwamI90
59,spotify:track:7MXVkk9YMctZqd1Srtv4MB,"The Weeknd, Daft Punk",Starboy,Universal Republic Records,1,61,209,13948457,7MXVkk9YMctZqd1Srtv4MB
60,spotify:track:5496lks6V3fh1mZAB6IAap,"Sevdaliza, Pabllo Vittar, Yseult",Alibi (with Pabllo Vittar & Yseult),Twisted Elegance,12,45,14,13916165,5496lks6V3fh1mZAB6IAap
61,spotify:track:0B7wvvmu9EISAwZnOpjhNI,Bruno Mars,When I Was Your Man,Atlantic Records,38,58,101,13851235,0B7wvvmu9EISAwZnOpjhNI
62,spotify:track:7ov3TDp5D00Rnu5R1viX4w,"LISA, ROSALÍA",New Woman (feat. ROSALÍA),Lloud Co./RCA Records,9,49,7,13737262,7ov3TDp5D00Rnu5R1viX4w
63,spotify:track:1BJJbSX6muJVF2AK7uH1x4,"Adam Port, Stryv, Keinemusik, Orso, Malachiii",Move,Keinemusik,19,51,16,13732568,1BJJbSX6muJVF2AK7uH1x4
64,spotify:track:21B4gaTWnTkuSh77iWEXdS,Sabrina Carpenter,Juno,Island Records,23,119,6,13517668,21B4gaTWnTkuSh77iWEXdS
65,spotify:track:6HrALJOMsfPCCbUo5cJCON,"Tito Double P, Chino Pacas",ESCAPATE,2024 Double P Records,65,73,4,13458541,6HrALJOMsfPCCbUo5cJCON
66,spotify:track:7BRD7x5pt8Lqa1eGYC4dzj,Billie Eilish,CHIHIRO,Darkroom/Interscope Records,5,72,20,13432520,7BRD7x5pt8Lqa1eGYC4dzj
67,spotify:track:7jtQIBanIiJOMS6RyCx6jZ,Tom Odell,Another Love,ITNO/Columbia,15,65,182,13396083,7jtQIBanIiJOMS6RyCx6jZ
68,spotify:track:6RUKPb4LETWmmr3iAEQktW,"The Chainsmokers, Coldplay",Something Just Like This,Disruptor Records/Columbia,2,62,227,13314685,6RUKPb4LETWmmr3iAEQktW
69,spotify:track:0VjIjW4GlUZAMYd2vXMi3b,The Weeknd,Blinding Lights,Republic Records,1,71,253,13205811,0VjIjW4GlUZAMYd2vXMi3b
70,spotify:track:7z7kvUQGwlC6iOl7vMuAr9,The Weeknd,Dancing In The Flames,XO / Republic Records,13,48,3,13170469,7z7kvUQGwlC6iOl7vMuAr9
71,spotify:track:1mea3bSkSGXuIRvnydlB5b,Coldplay,Viva La Vida,Parlophone UK,31,92,110,13131549,1mea3bSkSGXuIRvnydlB5b
72,spotify:track:5AH31dDNgxCMGDdxubNNn4,Fuerza Regida,NEL,Rancho Humilde/Street Mob Records,55,59,8,13125593,5AH31dDNgxCMGDdxubNNn4
73,spotify:track:0mflMxspEfB0VbI1kyLiAv,Noah Kahan,Stick Season,Mercury Records/Republic Records,6,68,52,12948689,0mflMxspEfB0VbI1kyLiAv
74,spotify:track:0yc6Gst2xkRu0eMLeRMGCX,Cigarettes After Sex,Apocalypse,Partisan Records,74,74,116,12929371,0yc6Gst2xkRu0eMLeRMGCX
75,spotify:track:4SqWKzw0CbA05TGszDgMlc,The Walters,I Love You So,Warner Records,21,76,125,12876497,4SqWKzw0CbA05TGszDgMlc
76,spotify:track:24XihnoVPWXlKJ4BgXqjVM,Tate McRae,It's ok I'm ok,RCA Records Label,30,43,3,12783836,24XihnoVPWXlKJ4BgXqjVM
77,spotify:track:1C84d9abZVKWHT2YYpoean,"Luis R Conriquez, Neton Vega",Si No Quieres No,Kartel Music,28,66,25,12641759,1C84d9abZVKWHT2YYpoean
78,spotify:track:60a0Rd6pjrkxjPbaKzXjfq,Linkin Park,In the End,Warner Records,22,89,60,12623619,60a0Rd6pjrkxjPbaKzXjfq
79,spotify:track:629DixmZGHc7ILtEntuiWE,Billie Eilish,LUNCH,Darkroom/Interscope Records,1,84,20,12340637,629DixmZGHc7ILtEntuiWE
80,spotify:track:2yR2sziCF4WEs3klW1F38d,Odetari,KEEP UP,APG Inc. - Odetari,75,75,3,12328637,2yR2sziCF4WEs3klW1F38d
81,spotify:track:0BiDnJFB3TlRB6aji7jUz3,Julión Álvarez y su Norteño Banda,Rey Sin Reina,"Copar Music, Inc",57,57,3,12245790,0BiDnJFB3TlRB6aji7jUz3
82,spotify:track:2LBqCSwhJGcFQeTHMVGwy3,The Weeknd,Die For You,Universal Republic Records,12,79,138,12166039,2LBqCSwhJGcFQeTHMVGwy3
83,spotify:track:1k2pQc5i348DCHwbn5KTdc,Chappell Roan,Pink Pony Club,Chappell Roan PS/ Island,64,64,14,12149121,1k2pQc5i348DCHwbn5KTdc
84,spotify:track:3xKsf9qdS1CyvXSMEid6g8,Frank Ocean,Pink + White,Boys Don't Cry,69,97,72,12129071,3xKsf9qdS1CyvXSMEid6g8
85,spotify:track:2btNsI4OvcVl7SAHQQDHFB,"Blessd, Ovy On The Drums",Mirame,WEA Latina,38,83,14,12051534,2btNsI4OvcVl7SAHQQDHFB
86,spotify:track:0eCajpR75pDW0r64U6hP2x,Anuv Jain,Jo Tum Mere Ho,Universal Music India Pvt. Ltd. (on behalf of Anuv Jain),82,82,3,11892294,0eCajpR75pDW0r64U6hP2x
87,spotify:track:7BqBn9nzAq8spo5e7cZ0dJ,Bruno Mars,Just the Way You Are,Atlantic Records,39,85,91,11877736,7BqBn9nzAq8spo5e7cZ0dJ
88,spotify:track:7zOVh5fGpEwSbZd0g9z80B,Bernadya,Satu Bulan,Juni Records,48,67,8,11866887,7zOVh5fGpEwSbZd0g9z80B
89,spotify:track:7qEHsqek33rTcFNT9PFqLf,Lewis Capaldi,Someone You Loved,Vertigo Berlin,4,98,299,11866530,7qEHsqek33rTcFNT9PFqLf
90,spotify:track:58ge6dfP91o9oXMzq3XkIS,Arctic Monkeys,505,Domino Recording Co,43,81,143,11850782,58ge6dfP91o9oXMzq3XkIS
91,spotify:track:6IPwKM3fUUzlElbvKw2sKl,girl in red,we fell in love in october,world in red,73,-1,18,11723741,6IPwKM3fUUzlElbvKw2sKl
92,spotify:track:5O2P9iiztwhomNh8xkR9lJ,One Direction,Night Changes,Syco Music,79,86,101,11642266,5O2P9iiztwhomNh8xkR9lJ
93,spotify:track:6dgUya35uo964z7GZXM07g,Sabrina Carpenter,Nonsense,Island Records,17,103,89,11612001,6dgUya35uo964z7GZXM07g
94,spotify:track:5g7sDjBhZ4I3gcFIpkrLuI,Bruno Mars,Locked out of Heaven,Atlantic Records,32,94,121,11601898,5g7sDjBhZ4I3gcFIpkrLuI
95,spotify:track:1JSTJqkT5qHq8MDJnJbRE1,The Police,Every Breath You Take,Polydor Records,77,99,147,11595152,1JSTJqkT5qHq8MDJnJbRE1
96,spotify:track:0u2P5u6lvoDfwTYjAADbn4,"Billie Eilish, Khalid",lovely (with Khalid),Darkroom,24,115,337,11583597,0u2P5u6lvoDfwTYjAADbn4
97,spotify:track:0rtDE9zfXbamTlRUSwY7zy,Mark Ambor,Belong Together,"Hundred Days Records, LLC",19,87,27,11505691,0rtDE9zfXbamTlRUSwY7zy
98,spotify:track:5RKQ5NdjSh2QzD4MaunT91,Journey,Don't Stop Believin' (2022 Remaster),Columbia/Legacy,89,107,31,11394045,5RKQ5NdjSh2QzD4MaunT91
99,spotify:track:4Dvkj6JhhA12EX05fT7y2e,Harry Styles,As It Was,Columbia,1,110,131,11346190,4Dvkj6JhhA12EX05fT7y2e
100,spotify:track:4S1VYqwfkLit9mKVY3MXoo,Alphaville,Forever Young,WM Germany,54,96,11,11337355,4S1VYqwfkLit9mKVY3MXoo
101,spotify:track:2hrycoFU1mZw6YPvMcn8yC,Jordan Adetunji,KEHLANI,300 Entertainment,36,95,15,11279648,2hrycoFU1mZw6YPvMcn8yC
102,spotify:track:2OzhQlSqBEmt7hmkYxfT6m,"Taylor Swift, Post Malone",Fortnight (feat. Post Malone),Taylor Swift,1,90,24,11253970,2OzhQlSqBEmt7hmkYxfT6m
103,spotify:track:331l3xABO0HMr1Kkyh2LZq,"David Guetta, OneRepublic",I Don't Wanna Wait,Parlophone UK,34,78,25,11219121,331l3xABO0HMr1Kkyh2LZq
104,spotify:track:4Yf5bqU3NK4kNOypcrLYwU,Linkin Park,Faint,Warner Records,76,105,5,11184051,4Yf5bqU3NK4kNOypcrLYwU
105,spotify:track:6aJn7Cst74cj4lNIiPRgav,KATSEYE,Touch,"HYBE UMG, LLC",100,100,5,11143656,6aJn7Cst74cj4lNIiPRgav
106,spotify:track:2KslE17cAJNHTsI2MI0jb2,Jung Kook,Standing Next to You,BIGHIT MUSIC,1,93,47,11136613,2KslE17cAJNHTsI2MI0jb2
107,spotify:track:3hxIUxnT27p5WcmjGUXNwx,Hotel Ugly,Shut up My Moms Calling,"Hotel Ugly, under exclusive license to Amuseio AB",78,109,91,11126367,3hxIUxnT27p5WcmjGUXNwx
108,spotify:track:3OJDtCdYs8QJnui708tEU3,Shakira,Soltera,Sony Music Latin,108,-1,1,11088186,3OJDtCdYs8QJnui708tEU3
109,spotify:track:5Uptvz6j1sjDKxidAcnH2L,Cris Mj,SI NO ES CONTIGO,Sonar LLC.,33,111,19,11081453,5Uptvz6j1sjDKxidAcnH2L
110,spotify:track:3dYD57lRAUcMHufyqn9GcI,Hozier,Take Me To Church,Universal-Island Records Ltd.,108,130,161,10715134,3dYD57lRAUcMHufyqn9GcI
111,spotify:track:6a9Z1jUms915w4O7N1PxjY,"Rvssian, Rauw Alejandro, Ayra Starr",Santa,Mavin Global Holdings Ltd.,14,140,24,10702832,6a9Z1jUms915w4O7N1PxjY
112,spotify:track:2uXlHCUbq9OMUwx3hrk06o,Vance Joy,Riptide,Atlantic Records,30,164,190,10662325,2uXlHCUbq9OMUwx3hrk06o
113,spotify:track:567e29TDzLwZwfDuEpGTwo,"The Kid LAROI, Justin Bieber",STAY (with Justin Bieber),Columbia,1,131,160,10662055,567e29TDzLwZwfDuEpGTwo
114,spotify:track:0RiRZpuVRbi7oqRdSMwhQY,"Post Malone, Swae Lee",Sunflower - Spider-Man: Into the Spider-Verse,Republic Records,1,117,304,10661817,0RiRZpuVRbi7oqRdSMwhQY
115,spotify:track:70LcF31zb1H0PyJoS1Sx1r,Radiohead,Creep,XL Recordings,114,125,45,10653481,70LcF31zb1H0PyJoS1Sx1r
116,spotify:track:0JXXNGljqupsJaZsgSbMZV,Miguel,Sure Thing,Jive,14,118,81,10650810,0JXXNGljqupsJaZsgSbMZV
117,spotify:track:4KULAymBBJcPRpk1yO4dOG,"Zach Bryan, Kacey Musgraves",I Remember Everything (feat. Kacey Musgraves),Warner Records,20,101,58,10611680,4KULAymBBJcPRpk1yO4dOG
118,spotify:track:3eekarcy7kvN4yt5ZFzltW,Travis Scott,HIGHEST IN THE ROOM,Cactus Jack/Epic,1,112,99,10560988,3eekarcy7kvN4yt5ZFzltW
119,spotify:track:3U5JVgI2x4rDyHGObzJfNf,Natasha Bedingfield,Unwritten,Sony Music CG,16,114,38,10495604,3U5JVgI2x4rDyHGObzJfNf
120,spotify:track:7lQ8MOhq6IN2w8EYcFNSUk,Eminem,Without Me,Aftermath,31,175,158,10486587,7lQ8MOhq6IN2w8EYcFNSUk
121,spotify:track:3dj4wgM3cPeuLwMNHDuBon,Teddy Swims,The Door,Warner Records,121,121,6,10469593,3dj4wgM3cPeuLwMNHDuBon
122,spotify:track:3kXoKlD84c6OmIcOLfrfEs,"Earth, Wind & Fire",September,Columbia/Legacy,77,77,28,10465481,3kXoKlD84c6OmIcOLfrfEs
123,spotify:track:3rUGC1vUpkDG9CZFHMur1t,Tate McRae,greedy,RCA Records Label,1,122,55,10440318,3rUGC1vUpkDG9CZFHMur1t
124,spotify:track:5RqSsdzTNPX1uzkmlHCFvK,"KAROL G, Peso Pluma",QLONA,Bichota/Interscope Records,5,108,60,10435018,5RqSsdzTNPX1uzkmlHCFvK
125,spotify:track:19RybK6XDbAVpcdxSbZL1o,Charli xcx,Apple,Atlantic Records,28,88,11,10413677,19RybK6XDbAVpcdxSbZL1o
126,spotify:track:2Lumsra3kuU61wXkEKzKaK,Surf Curse,Disco,Surf Curse,109,133,5,10390617,2Lumsra3kuU61wXkEKzKaK
127,spotify:track:2cZOYofOX4d6g0OXxkaIjA,Playboi Carti,ALL RED,AWGE/Interscope Records,12,69,3,10364372,2cZOYofOX4d6g0OXxkaIjA
128,spotify:track:7DSAEUvxU8FajXtRloy8M0,Miley Cyrus,Flowers,Columbia,1,180,90,10359923,7DSAEUvxU8FajXtRloy8M0
129,spotify:track:46IZ0fSY2mpAiktS3KOqds,Adele,Easy On Me,Columbia,1,124,97,10357286,46IZ0fSY2mpAiktS3KOqds
130,spotify:track:2N0SPREDYqILVEFSsWF5N5,V,Love Me Again,BIGHIT MUSIC,11,132,60,10350956,2N0SPREDYqILVEFSsWF5N5
131,spotify:track:3B54sVLJ402zGa6Xm4YGNe,"French Montana, Swae Lee",Unforgettable,Bad Boy Entertainment/Epic Records,3,127,109,10341381,3B54sVLJ402zGa6Xm4YGNe
132,spotify:track:4ZJ4vzLQekI0WntDbanNC7,Zach Bryan,Pink Skies,Warner Records,21,147,19,10303559,4ZJ4vzLQekI0WntDbanNC7
133,spotify:track:1CDQzbCz4KSQxHe7LMEgRM,Eminem,Houdini,Shady/Aftermath/Interscope Records,2,135,18,10282523,1CDQzbCz4KSQxHe7LMEgRM
134,spotify:track:2tpWsVSb9UEmDRxAl1zhX1,OneRepublic,Counting Stars,Mosley / Interscope,86,128,181,10275811,2tpWsVSb9UEmDRxAl1zhX1
135,spotify:track:1zi7xx7UVEFkmKfv06H8x0,"Drake, Wizkid, Kyla",One Dance,Cash Money Records/Young Money Ent./Universal Rec.,12,142,214,10221864,1zi7xx7UVEFkmKfv06H8x0
136,spotify:track:5qaEfEh1AtSdrdrByCP7qR,Imagine Dragons,Demons,Kid Ina Korner / Interscope,111,141,97,10213731,5qaEfEh1AtSdrdrByCP7qR
137,spotify:track:1bjeWoagtHmUKputLVyDxQ,SZA,Saturn,Top Dawg Entertainment/RCA Records,17,123,32,10186499,1bjeWoagtHmUKputLVyDxQ
138,spotify:track:3tt9i3Hhzq84dPS8H7iSiJ,Manuel Turizo,La Bachata,Sony Music Latin/La Industria,4,129,118,10173655,3tt9i3Hhzq84dPS8H7iSiJ
139,spotify:track:1fTjqf10accJCDYstPwwZ6,Kapo,Ohnana,Sony Music Latin/La Industria,39,113,11,10144684,1fTjqf10accJCDYstPwwZ6
140,spotify:track:3GCdLUSnKSMJhs4Tj6CV3s,"Kendrick Lamar, SZA",All The Stars (with SZA),Black Panther (TDE/DMG) PS,2,161,70,10144066,3GCdLUSnKSMJhs4Tj6CV3s
141,spotify:track:161DnLWsx1i3u1JT05lzqU,Bruno Mars,Talking to the Moon,Atlantic Records,45,91,61,10128609,161DnLWsx1i3u1JT05lzqU
142,spotify:track:6gBFPUFcJLzWGx4lenP6h2,"Travis Scott, Kendrick Lamar",Goosebumps,Def Jam Recordings,13,-1,260,10072911,6gBFPUFcJLzWGx4lenP6h2
143,spotify:track:2Zo1PcszsT9WQ0ANntJbID,Sabrina Carpenter,Feather,Island Records,34,160,44,10041971,2Zo1PcszsT9WQ0ANntJbID
144,spotify:track:3KZCP2StVGdWkOKyRZNWA4,Plan B,Es un Secreto,Pina Records,109,136,48,10026935,3KZCP2StVGdWkOKyRZNWA4
145,spotify:track:6fxVffaTuwjgEk5h9QyRjy,Ed Sheeran,Photograph,Atlantic Records UK,41,151,159,9922114,6fxVffaTuwjgEk5h9QyRjy
146,spotify:track:6dBUzqjtbnIa1TwYbyw5CM,TV Girl,Lovers Rock,TV Girl,100,137,67,9921277,6dBUzqjtbnIa1TwYbyw5CM
147,spotify:track:2gmd7lY3QSzLh0xIY4cRvi,"Maisak, Feid",SE ME OLVIDA,Universal Music Latino,35,106,6,9869980,2gmd7lY3QSzLh0xIY4cRvi
148,spotify:track:4MSj19TwYBLgDFj3ddEeco,"Lost Frequencies, Tom Odell",Black Friday (pretty like the sun),UROK,82,139,10,9785711,4MSj19TwYBLgDFj3ddEeco
149,spotify:track:0tgVpDi06FyKpA1z0VMD4v,Ed Sheeran,Perfect,Atlantic Records UK,4,-1,366,9757474,0tgVpDi06FyKpA1z0VMD4v
150,spotify:track:41EOhpn50qvd8iZSKw531W,"Peso Pluma, Tito Double P",LOS CUADROS,2024 Double P Records,116,172,7,9726977,41EOhpn50qvd8iZSKw531W
151,spotify:track:1RMJOxR6GRPsBHL8qeC2ux,"Daniel Caesar, H.E.R.",Best Part (feat. H.E.R.),Golden Child Recordings,110,159,18,9714378,1RMJOxR6GRPsBHL8qeC2ux
152,spotify:track:0pqnGHJpmpxLKifKRmU6WP,Imagine Dragons,Believer,Kid Ina Korner / Interscope,16,154,395,9710892,0pqnGHJpmpxLKifKRmU6WP
153,spotify:track:1FEiijYPJtyswChfcpv3p0,Lana Del Rey,Summertime Sadness,Polydor Records,83,171,112,9693166,1FEiijYPJtyswChfcpv3p0
154,spotify:track:6wf7Yu7cxBSPrRlWeSeK0Q,Billie Eilish,"What Was I Made For? [From The Motion Picture ""Barbie""]",Darkroom/Interscope Records,3,169,64,9684845,6wf7Yu7cxBSPrRlWeSeK0Q
155,spotify:track:4Na2HfNSr58chvfX69fy36,Gunna,one of wun,300 Entertainment,56,183,16,9684577,4Na2HfNSr58chvfX69fy36
156,spotify:track:003vvx7Niy0yvhvHt4a68B,The Killers,Mr. Brightside,Island Records,94,158,144,9676193,003vvx7Niy0yvhvHt4a68B
157,spotify:track:2eAvDnpXP5W0cVtiI0PUxV,Ruth B.,Dandelions,Columbia,34,144,152,9659157,2eAvDnpXP5W0cVtiI0PUxV
158,spotify:track:4bw8mcDUSRWfQo63ZTYRnU,"Maluma, Carin Leon",Según Quién,Sony Music Latin,17,165,44,9650404,4bw8mcDUSRWfQo63ZTYRnU
159,spotify:track:6ZCfGA0bPM50DPmcSlJKGY,"Yandel, Feid",HABLAME CLARO,WEA Latina,153,153,2,9641574,6ZCfGA0bPM50DPmcSlJKGY
160,spotify:track:2c7z5oRcPBbqRaBY2mLWcf,Don Toliver,NEW DROP,Cactus Jack / Atlantic,160,-1,1,9629502,2c7z5oRcPBbqRaBY2mLWcf
161,spotify:track:7FOgcfdz9Nx5V9lCNXdBYv,Chappell Roan,Red Wine Supernova,Chappell Roan PS/ Island,80,134,17,9559900,7FOgcfdz9Nx5V9lCNXdBYv
162,spotify:track:6me7F0aaZjwDo6RJ5MrfBD,Richy Mitch & The Coal Miners,Evergreen,Richy Mitch & The Coal Miners,40,162,38,9554595,6me7F0aaZjwDo6RJ5MrfBD
163,spotify:track:4QNpBfC0zvjKqPJcyqBy9W,"Pitbull, AFROJACK, Ne-Yo, Nayer",Give Me Everything (feat. Nayer),Mr.305/Polo Grounds Music/J Records,127,146,21,9541963,4QNpBfC0zvjKqPJcyqBy9W
164,spotify:track:5uCax9HTNlzGybIStD3vDh,James Arthur,Say You Won't Let Go,Columbia,7,150,326,9536681,5uCax9HTNlzGybIStD3vDh
165,spotify:track:3WSOUb3U7tqURbBSgZTrZX,Chappell Roan,Casual,Chappell Roan PS/ Island,123,138,11,9528575,3WSOUb3U7tqURbBSgZTrZX
166,spotify:track:3EaJDYHA0KnX88JvDhL9oa,Steve Lacy,Dark Red,Three Quarter,66,181,120,9488484,3EaJDYHA0KnX88JvDhL9oa
167,spotify:track:2jPCbFrFlyGbKgblxub8Lm,The Outfield,Your Love,Columbia,134,176,23,9482648,2jPCbFrFlyGbKgblxub8Lm
168,spotify:track:7D0RhFcb3CrfPuTJ0obrod,Coldplay,Sparks,Parlophone UK,153,-1,17,9479526,7D0RhFcb3CrfPuTJ0obrod
169,spotify:track:4q5YezDOIPcoLr8R81x9qy,Taylor Swift,I Can Do It With a Broken Heart,Taylor Swift,5,156,24,9473084,4q5YezDOIPcoLr8R81x9qy
170,spotify:track:4rMNgxEwGWoPHIUcvB5BrB,Bruno Mars,It Will Rain,Elektra (NEK),170,-1,1,9457262,4rMNgxEwGWoPHIUcvB5BrB
171,spotify:track:561jH07mF1jHuk7KlaeF0s,Eminem,Mockingbird,Aftermath,24,-1,91,9412100,561jH07mF1jHuk7KlaeF0s
172,spotify:track:3Pbp7cUCx4d3OAkZSCoNvn,Michael Marcagi,Scared To Start,Warner Records,25,148,35,9376543,3Pbp7cUCx4d3OAkZSCoNvn
173,spotify:track:3WMj8moIAXJhHsyLaqIIHI,Zach Bryan,Something in the Orange,Warner Records,57,157,91,9366815,3WMj8moIAXJhHsyLaqIIHI
174,spotify:track:505v13epFXodT9fVAJ6h8k,KAROL G,AMARGURA,Universal Music Latino,53,152,72,9366408,505v13epFXodT9fVAJ6h8k
175,spotify:track:2WfaOiMkCvy7F5fcp2zZ8L,a-ha,Take on Me,Rhino,56,116,51,9334911,2WfaOiMkCvy7F5fcp2zZ8L
176,spotify:track:4uUG5RXrOk84mYEfFvj3cK,"David Guetta, Bebe Rexha",I'm Good (Blue),Parlophone UK,2,145,110,9327282,4uUG5RXrOk84mYEfFvj3cK
177,spotify:track:2a1o6ZejUi8U3wzzOtCOYw,"Don Omar, Lucenzo",Danza Kuduro,UMLE - Machete,91,185,53,9320630,2a1o6ZejUi8U3wzzOtCOYw
178,spotify:track:0FDzzruyVECATHXKHFs9eJ,Coldplay,A Sky Full of Stars,Parlophone UK,83,-1,19,9291580,0FDzzruyVECATHXKHFs9eJ
179,spotify:track:22skzmqfdWrjJylampe0kt,"Macklemore & Ryan Lewis, Macklemore, Ryan Lewis, Ray Dalton",Can't Hold Us (feat. Ray Dalton),Macklemore,86,167,134,9271156,22skzmqfdWrjJylampe0kt
180,spotify:track:2ZqTbIID9vFPTXaGyzbb4q,"Megan Thee Stallion, RM",Neva Play (feat. RM of BTS),Hot Girl Productions,15,102,4,9258120,2ZqTbIID9vFPTXaGyzbb4q
181,spotify:track:2gcMYiZzzmzoF8PPAfL3IO,Bernadya,"Untungnya, Hidup Harus Tetap Berjalan",Juni Records,96,155,6,9208337,2gcMYiZzzmzoF8PPAfL3IO
182,spotify:track:5lkpeJwmQKgY3bX2zChjxX,Adele,Someone Like You,XL Recordings,38,173,20,9206089,5lkpeJwmQKgY3bX2zChjxX
183,spotify:track:7j4OmvkjRz0PrjFADlHfQx,Adele,Set Fire to the Rain,XL Recordings,61,178,76,9187248,7j4OmvkjRz0PrjFADlHfQx
184,spotify:track:5TXDeTFVRVY7Cvt0Dw4vWW,XXXTENTACION,Revenge,Bad Vibes Forever / EMPIRE,63,-1,66,9174399,5TXDeTFVRVY7Cvt0Dw4vWW
185,spotify:track:6VObnIkLVruX4UVyxWhlqm,Adele,Skyfall,XL Recordings/Columbia,152,174,9,9143156,6VObnIkLVruX4UVyxWhlqm
186,spotify:track:7EkWXAI1wn8Ii883ecd9xr,Surf Curse,Freaks,Surf Curse,55,-1,60,9080298,7EkWXAI1wn8Ii883ecd9xr
187,spotify:track:2uIX8YMNjGMD7441kqyyNU,Billie Eilish,ocean eyes,Darkroom,101,-1,73,9036522,2uIX8YMNjGMD7441kqyyNU
188,spotify:track:6I3mqTwhRpn34SLVafSH7G,Justin Bieber,Ghost,RBMG/Def Jam,11,-1,133,9023957,6I3mqTwhRpn34SLVafSH7G
189,spotify:track:4EWCNWgDS8707fNSZ1oaA5,Kanye West,Heartless,Roc-A-Fella,76,-1,42,9017698,4EWCNWgDS8707fNSZ1oaA5
190,spotify:track:5oIVNm56t6OIf9ZjdEG3ud,Sabrina Carpenter,Coincidence,Island Records,28,198,6,9011020,5oIVNm56t6OIf9ZjdEG3ud
191,spotify:track:1xK59OXxi2TAAAbmZK0kBL,d4vd,Romantic Homicide,Darkroom/Interscope Records,17,182,100,9009357,1xK59OXxi2TAAAbmZK0kBL
192,spotify:track:2K7xn816oNHJZ0aVqdQsha,The Neighbourhood,Softcore,Columbia,35,177,45,8986138,2K7xn816oNHJZ0aVqdQsha
193,spotify:track:7qiZfU4dY1lWllzX7mPBI3,Ed Sheeran,Shape of You,Atlantic Records UK,1,-1,334,8971037,7qiZfU4dY1lWllzX7mPBI3
194,spotify:track:5kDgJffgJ0lYHTSiaXFWNw,The Kid LAROI,BABY I'M BACK,Columbia,138,170,5,8966802,5kDgJffgJ0lYHTSiaXFWNw
195,spotify:track:4gxEY3Mh5FZZDAJAKPNrCS,LE SSERAFIM,CRAZY,SOURCE MUSIC,58,126,5,8958771,4gxEY3Mh5FZZDAJAKPNrCS
196,spotify:track:1zv3WFUbZ5vPxFq9I2jAU1,"Rihanna, Calvin Harris",We Found Love,Def Jam Recordings,59,186,82,8947215,1zv3WFUbZ5vPxFq9I2jAU1
197,spotify:track:0SoBfYjQHvL6cuWHtPUYnq,"Valentino Merlo, The La Planta",Hoy,TLP Records,197,-1,1,8935265,0SoBfYjQHvL6cuWHtPUYnq
198,spotify:track:0KKkJNfGyhkQ5aFogxQAPU,Bruno Mars,That's What I Like,Atlantic Records,6,184,112,8930423,0KKkJNfGyhkQ5aFogxQAPU
199,spotify:track:5gDWsRxpJ2lZAffh5p7K0w,"The Weeknd, Lana Del Rey",Stargirl Interlude,Universal Republic Records,92,195,96,8921269,5gDWsRxpJ2lZAffh5p7K0w
200,spotify:track:3K4HG9evC7dg3N0R9cYqk4,Linkin Park,One Step Closer,Warner Records,104,163,5,8902901,3K4HG9evC7dg3N0R9cYqk4
1,spotify:track:7tI8dRuH2Yc6RuoTjxo4dU,Jimin,Who,BIGHIT MUSIC,1,1,11,1698738,7tI8dRuH2Yc6RuoTjxo4dU
2,spotify:track:3LWVXp636uLT356Rj08Jaz,Jimin,Be Mine,BIGHIT MUSIC,2,2,11,402511,3LWVXp636uLT356Rj08Jaz
3,spotify:track:2HRgqmZQC0MC7GeNuDIXHN,"Jung Kook, Latto",Seven (feat. Latto) (Explicit Ver.),BIGHIT MUSIC,1,3,64,373089,2HRgqmZQC0MC7GeNuDIXHN
4,spotify:track:01qFKNWq73UfEslI0GvumE,"Jung Kook, Jack Harlow",3D (feat. Jack Harlow),BIGHIT MUSIC,2,6,53,193439,01qFKNWq73UfEslI0GvumE
5,spotify:track:1k68vKHNQXU5CHqcM7Yp7N,DAY6,HAPPY,JYP Entertainment,5,8,8,183990,1k68vKHNQXU5CHqcM7Yp7N
6,spotify:track:2KslE17cAJNHTsI2MI0jb2,Jung Kook,Standing Next to You,BIGHIT MUSIC,4,7,47,179736,2KslE17cAJNHTsI2MI0jb2
7,spotify:track:1agDCV4zQqaFwJQNsTgmL1,"Jimin, Loco",Smeraldo Garden Marching Band (feat. Loco),BIGHIT MUSIC,2,4,14,178206,1agDCV4zQqaFwJQNsTgmL1
8,spotify:track:4gxEY3Mh5FZZDAJAKPNrCS,LE SSERAFIM,CRAZY,SOURCE MUSIC,4,5,5,167550,4gxEY3Mh5FZZDAJAKPNrCS
9,spotify:track:1lTBkwEm0wim9RsMXqtqWy,QWER,My Name is Malguem,TAMAGO PRODUCTION,9,56,2,151596,1lTBkwEm0wim9RsMXqtqWy
10,spotify:track:6qafqn8bBMy7t5c5WqpyRk,Jimin,Closer Than This,BIGHIT MUSIC,2,9,41,147578,6qafqn8bBMy7t5c5WqpyRk
11,spotify:track:7gMfVc4zfNIxuMyMGglOHa,Jimin,Rebirth (Intro),BIGHIT MUSIC,8,11,11,138037,7gMfVc4zfNIxuMyMGglOHa
12,spotify:track:6oNLSQX8bcAdbCElZYju3v,fromis_9,Supersonic,PLEDIS Entertainment,12,12,8,136772,6oNLSQX8bcAdbCElZYju3v
13,spotify:track:3d2bsbugow8JiNvuaRupFH,"Jimin, Sofia Carson",Slow Dance (feat. Sofia Carson),BIGHIT MUSIC,6,10,11,135548,3d2bsbugow8JiNvuaRupFH
14,spotify:track:2plbrEY59IikOBgBGLjaoe,"Lady Gaga, Bruno Mars",Die With A Smile,Interscope,12,14,7,127537,2plbrEY59IikOBgBGLjaoe
15,spotify:track:5ocSQW5sIUIOFojwXEz9Ki,NewJeans,Supernatural,ADOR,2,13,15,127482,5ocSQW5sIUIOFojwXEz9Ki
16,spotify:track:1Es7AUAhQvapIcoh3qMKDL,"The Weeknd, Playboi Carti",Timeless (with Playboi Carti),XO / Republic Records,16,-1,1,125272,1Es7AUAhQvapIcoh3qMKDL
17,spotify:track:4sgMbwl9lXGyHcHmtFYGMm,aespa,Supernova,SM Entertainment,1,18,21,116293,4sgMbwl9lXGyHcHmtFYGMm
18,spotify:track:3vnaEaDxMKdBhqA1t0uAwl,Lim Young Woong,Warmth,Mulgogi Music,12,20,22,114173,3vnaEaDxMKdBhqA1t0uAwl
19,spotify:track:2PlsVMcOn6ujc2UEYs2Yat,Lim Young Woong,Home,Mulgogi Music,13,21,22,113827,2PlsVMcOn6ujc2UEYs2Yat
20,spotify:track:45zLrK0668WQ5JFMyiYmCS,Jimin,Interlude : Showtime,BIGHIT MUSIC,10,16,11,112066,45zLrK0668WQ5JFMyiYmCS
21,spotify:track:38tXZcL1gZRfbqfOG0VMTH,NewJeans,How Sweet,ADOR,1,22,19,111300,38tXZcL1gZRfbqfOG0VMTH
22,spotify:track:5LlUJ3HHI2dS0xowdMDXC5,MEOVV,MEOW,THEBLACKLABEL,12,15,4,110337,5LlUJ3HHI2dS0xowdMDXC5
23,spotify:track:1aKvZDoLGkNMxoRYgkckZG,ILLIT,Magnetic,BELIFT LAB,1,26,28,108882,1aKvZDoLGkNMxoRYgkckZG
24,spotify:track:21ewxM3YvcdTj7cC0XwznO,Lim Young Woong,Do or Die,Mulgogi Music,6,25,52,108275,21ewxM3YvcdTj7cC0XwznO
25,spotify:track:6aJn7Cst74cj4lNIiPRgav,KATSEYE,Touch,"HYBE UMG, LLC",17,17,8,106113,6aJn7Cst74cj4lNIiPRgav
26,spotify:track:4WUpMUjdoi47LY7gBQBXe3,Lim Young Woong,Grain of Sand,물고기뮤직,8,27,70,103605,4WUpMUjdoi47LY7gBQBXe3
27,spotify:track:0T6J3Ipbe06lm7p3grH2bg,DAY6,녹아내려요 Melt Down,JYP Entertainment,17,23,5,102565,0T6J3Ipbe06lm7p3grH2bg
28,spotify:track:4e1aewX6ATPcdfQIqr7gqO,KISS OF LIFE,Sticky,S2 ENTERTAINMENT INC.,6,19,14,102097,4e1aewX6ATPcdfQIqr7gqO
29,spotify:track:6dOtVTDdiauQNBQEDOtlAB,Billie Eilish,BIRDS OF A FEATHER,Darkroom/Interscope Records,20,31,20,100056,6dOtVTDdiauQNBQEDOtlAB
30,spotify:track:6auT8cRBu3BgPRBrdVBY15,Lim Young Woong,London Boy,물고기뮤직,6,28,98,98505,6auT8cRBu3BgPRBrdVBY15
31,spotify:track:2N0SPREDYqILVEFSsWF5N5,V,Love Me Again,BIGHIT MUSIC,3,29,60,98250,2N0SPREDYqILVEFSsWF5N5
32,spotify:track:6je5cTal6PyeITNrOzkCoS,DAY6,Welcome to the Show,JYP Entertainment,30,30,29,97088,6je5cTal6PyeITNrOzkCoS
33,spotify:track:1MC8JLPV4fbvVBqvGSLoDf,Jimin,Who (Rock Remix),BIGHIT MUSIC,25,37,11,96739,1MC8JLPV4fbvVBqvGSLoDf
34,spotify:track:18x0Z8JUwLA2LhgsIHbNy3,DAY6,한 페이지가 될 수 있게,JYP Entertainment,34,34,97,94868,18x0Z8JUwLA2LhgsIHbNy3
35,spotify:track:10I5rhhFoWZDIN3kEc6Dbo,Jimin,Who (Acoustic Remix),BIGHIT MUSIC,27,38,11,94503,10I5rhhFoWZDIN3kEc6Dbo
36,spotify:track:1Px44tw80Q4rcCl8FxDGOi,Jimin,Who (Instrumental),BIGHIT MUSIC,30,41,11,91331,1Px44tw80Q4rcCl8FxDGOi
37,spotify:track:3Ua0m0YmEjrMi9XErKcNiR,Jimin,Like Crazy,BIGHIT MUSIC,1,24,80,90383,3Ua0m0YmEjrMi9XErKcNiR
38,spotify:track:1ySWoGgrduSzvtJ3PUzO41,Jimin,Who (Shibuyakei Remix),BIGHIT MUSIC,29,42,11,90205,1ySWoGgrduSzvtJ3PUzO41
39,spotify:track:6i8MbzVn4nzyjUcSoVcz7B,aespa,Armageddon,SM Entertainment,5,32,19,89960,6i8MbzVn4nzyjUcSoVcz7B
40,spotify:track:2isRbZIIU4PqPrECffn7QO,Jimin,Who (Beautiful Mind Remix),BIGHIT MUSIC,31,43,11,89787,2isRbZIIU4PqPrECffn7QO
41,spotify:track:74X2u8JMVooG2QbjRxXwR8,LE SSERAFIM,Perfect Night,SOURCE MUSIC,10,33,49,89674,74X2u8JMVooG2QbjRxXwR8
42,spotify:track:7KZNgri6Jxw88FAfATw6i9,Jimin,Who (Funky Remix),BIGHIT MUSIC,28,45,11,89247,7KZNgri6Jxw88FAfATw6i9
43,spotify:track:3FR2yqZsG07NhXz7uPyUyC,DAY6,예뻤어,JYP Entertainment,40,40,89,82333,3FR2yqZsG07NhXz7uPyUyC
44,spotify:track:2HRqTpkrJO5ggZyyK6NPWz,Sabrina Carpenter,Espresso,Island Records,13,36,25,82016,2HRqTpkrJO5ggZyyK6NPWz
45,spotify:track:3TQHPUEVdvdq8ejwEcHUlL,Nerd Connection,If I have you only (My love X Nerd Connection),TOON STUDIO,41,47,47,81921,3TQHPUEVdvdq8ejwEcHUlL
46,spotify:track:2tA3NP12r4niSRhb9Y6AoY,Lim Young Woong,Polaroid,물고기뮤직,10,39,98,81577,2tA3NP12r4niSRhb9Y6AoY
47,spotify:track:2RLdkXSaiQjRbey5pvP8Kt,Lim Young Woong,If We Ever Meet Again,물고기뮤직,5,46,126,76392,2RLdkXSaiQjRbey5pvP8Kt
48,spotify:track:39gaUtq2z4ejJbno7tWHbL,QWER,T.B.H,TAMAGO PRODUCTION,11,57,27,74752,39gaUtq2z4ejJbno7tWHbL
49,spotify:track:0QzuaeCEEOV40Pn7IvKEny,Dhruv,double take,Little Worry/RCA Records,49,49,172,74147,0QzuaeCEEOV40Pn7IvKEny
50,spotify:track:1AtFSBJibfaqfiOByQCwZ5,"Lee Young Ji, D.O.",Small girl (feat. D.O.),MAINSTREAM,6,44,15,73916,1AtFSBJibfaqfiOByQCwZ5
51,spotify:track:1zJUr9Oo5zEjvJrdlg67jQ,NCT WISH,Steady,SM Entertainment,51,130,2,71565,1zJUr9Oo5zEjvJrdlg67jQ
52,spotify:track:19D8LNpWwIPpi6hs9BG7dq,NewJeans,Bubble Gum,ADOR,4,48,19,71553,19D8LNpWwIPpi6hs9BG7dq
53,spotify:track:6pqyZNnLKyJKtrlf42FQoq,BOYNEXTDOOR,Nice Guy,KOZ Entertainment,35,35,4,70161,6pqyZNnLKyJKtrlf42FQoq
54,spotify:track:3r8RuvgbX9s7ammBn07D3W,NewJeans,Ditto,ADOR,1,55,94,69410,3r8RuvgbX9s7ammBn07D3W
55,spotify:track:5G2f63n7IPVPPjfNIGih7Q,Sabrina Carpenter,Taste,Island Records,30,53,6,68792,5G2f63n7IPVPPjfNIGih7Q
56,spotify:track:1YXot2MLAG9sttepCtBRM7,Vaundy,odoriko,SDR Inc.,18,52,39,68714,1YXot2MLAG9sttepCtBRM7
57,spotify:track:0a4MMyCrzT0En247IhqZbD,NewJeans,Hype Boy,ADOR,1,54,114,68610,0a4MMyCrzT0En247IhqZbD
58,spotify:track:1BxfuPKGuaTgP7aM0Bbdwr,Taylor Swift,Cruel Summer,Taylor Swift,24,58,69,68187,1BxfuPKGuaTgP7aM0Bbdwr
59,spotify:track:2J194R0KIKbK7bTHfUHPDB,RIIZE,Boom Boom Bass,SM Entertainment,17,51,16,64963,2J194R0KIKbK7bTHfUHPDB
60,spotify:track:13z3GfR6WzmLUDxBHO3amM,DAY6,Congratulations,JYP Entertainment,60,62,12,63837,13z3GfR6WzmLUDxBHO3amM
61,spotify:track:5sdQOyqq2IDhvmx2lHOpwd,NewJeans,Super Shy,ADOR,2,64,65,61803,5sdQOyqq2IDhvmx2lHOpwd
62,spotify:track:0PBTlQ84CBJF0tBnKGmQa6,V,FRI(END)S,BIGHIT MUSIC,9,67,29,60884,0PBTlQ84CBJF0tBnKGmQa6
63,spotify:track:2022n4pxaEaDC2YvzVl1w7,KEY,Pleasure Shop,SM Entertainment,63,119,2,60342,2022n4pxaEaDC2YvzVl1w7
64,spotify:track:2jidjmWNeRmKgLjXhW52Gz,Lim Young Woong,"Our Blues, Our Life",물고기뮤직,12,61,126,60186,2jidjmWNeRmKgLjXhW52Gz
65,spotify:track:50xSycnGMDy0Wg5jJcOv3S,Lim Young Woong,Rainbow,물고기뮤직,11,63,125,60105,50xSycnGMDy0Wg5jJcOv3S
66,spotify:track:7AbqgE05nFl9qY4FRUiq2p,Jung Kook,Shot Glass of Tears,BIGHIT MUSIC,13,68,48,59815,7AbqgE05nFl9qY4FRUiq2p
67,spotify:track:2ZqTbIID9vFPTXaGyzbb4q,"Megan Thee Stallion, RM",Neva Play (feat. RM of BTS),Hot Girl Productions,21,50,4,59744,2ZqTbIID9vFPTXaGyzbb4q
68,spotify:track:75bgkdHdg7ppBcHdLJkSBM,PLAVE,Why?,VLAST,64,65,7,59709,75bgkdHdg7ppBcHdLJkSBM
69,spotify:track:5AJ9hqTS2wcFQCELCFRO7A,Tommy Richman,MILLION DOLLAR BABY,PULSE Records,13,60,22,59586,5AJ9hqTS2wcFQCELCFRO7A
70,spotify:track:65FftemJ1DbbZ45DUfHJXE,NewJeans,OMG,ADOR,1,70,92,58081,65FftemJ1DbbZ45DUfHJXE
71,spotify:track:6rdkCkjk6D12xRpdMXy0I2,NewJeans,New Jeans,ADOR,4,78,65,57532,6rdkCkjk6D12xRpdMXy0I2
72,spotify:track:0WbMK4wrZ1wFSty9F7FCgu,Chappell Roan,"Good Luck, Babe!",Chappell Roan PS/ Island,69,69,18,57201,0WbMK4wrZ1wFSty9F7FCgu
73,spotify:track:0UvCh63URrLFcPkKt99hHd,Oasis,Don't Look Back in Anger - Remastered,Big Brother,49,84,33,56891,0UvCh63URrLFcPkKt99hHd
74,spotify:track:56v8WEnGzLByGsDAXDiv4d,NewJeans,ETA,ADOR,3,81,63,55598,56v8WEnGzLByGsDAXDiv4d
75,spotify:track:2nRMW95dnOILirpjbksLTs,Jung Kook,Never Let Go,BIGHIT MUSIC,9,66,17,55189,2nRMW95dnOILirpjbksLTs
76,spotify:track:3Zice5cXhiPVLwrdBJlyHc,NMIXX,별별별 (See that?),JYP Entertainment,25,80,7,54949,3Zice5cXhiPVLwrdBJlyHc
77,spotify:track:4Cr43xPo7bwyCcL1g3yVCu,Lim Young Woong,A bientot,물고기뮤직,21,75,124,54733,4Cr43xPo7bwyCcL1g3yVCu
78,spotify:track:3fgehc497TFqKH1zBL2YNK,Linkin Park,Heavy Is the Crown,Warner Records,78,-1,1,54592,3fgehc497TFqKH1zBL2YNK
79,spotify:track:1Qrg8KqiBpW07V7PNxwwwL,SZA,Kill Bill,Top Dawg Entertainment/RCA Records,7,86,95,54537,1Qrg8KqiBpW07V7PNxwwwL
80,spotify:track:3Dah48XTdzVtbIl4dUn6l4,RIIZE,Get A Guitar,SM Entertainment,17,71,57,54301,3Dah48XTdzVtbIl4dUn6l4
81,spotify:track:4rMEoXVYww6Xy7q9wSj4gy,Lim Young Woong,Love Always Run Away,MOST CONTENTS,24,83,151,53970,4rMEoXVYww6Xy7q9wSj4gy
82,spotify:track:34DtDWmIUacoop6Md298vE,PLAVE,Pump Up The Volume!,VLAST,26,59,7,53793,34DtDWmIUacoop6Md298vE
83,spotify:track:2tHwzyyOLoWSFqYNjeVMzj,Sabrina Carpenter,Please Please Please,Island Records,18,77,17,53201,2tHwzyyOLoWSFqYNjeVMzj
84,spotify:track:2pIUpMhHL6L9Z5lnKxJJr9,NewJeans,Attention,ADOR,1,82,114,51935,2pIUpMhHL6L9Z5lnKxJJr9
85,spotify:track:7ov3TDp5D00Rnu5R1viX4w,"LISA, ROSALÍA",New Woman (feat. ROSALÍA),Lloud Co./RCA Records,16,73,7,51818,7ov3TDp5D00Rnu5R1viX4w
86,spotify:track:4JK1kDUdH9RTBQrrSO1QfR,Yuuri,ベテルギウス,Sony Music Labels Inc.,21,85,77,51469,4JK1kDUdH9RTBQrrSO1QfR
87,spotify:track:1T6xi2QrnmwaebXGvWAjLg,PLAVE,WAY 4 LUV,VLAST,44,76,7,51233,1T6xi2QrnmwaebXGvWAjLg
88,spotify:track:5h1BN75CEh8wdSwE1xrbSe,V,Slow Dancing,BIGHIT MUSIC,4,88,55,50947,5h1BN75CEh8wdSwE1xrbSe
89,spotify:track:3lwK3WyKAI5bUuGY1OgGbZ,LE SSERAFIM,Smart,SOURCE MUSIC,10,103,33,50938,3lwK3WyKAI5bUuGY1OgGbZ
90,spotify:track:1QPV3QoWw3rRKPeYoX8kO8,YEONJUN,GGUM,Republic Records - TXT,74,74,2,50853,1QPV3QoWw3rRKPeYoX8kO8
91,spotify:track:567e29TDzLwZwfDuEpGTwo,"The Kid LAROI, Justin Bieber",STAY (with Justin Bieber),Columbia,1,94,169,49840,567e29TDzLwZwfDuEpGTwo
92,spotify:track:3xKsf9qdS1CyvXSMEid6g8,Frank Ocean,Pink + White,Boys Don't Cry,92,142,40,49637,3xKsf9qdS1CyvXSMEid6g8
93,spotify:track:1OhIn0L6iofnk5bjalWfHq,ECLIPSE,Sudden Shower,"Genie Music Corporation, Stone Music Entertainment",26,90,22,49593,1OhIn0L6iofnk5bjalWfHq
94,spotify:track:5BqwC9kOBbqYkzdOKeXFFk,JANNABI,for lovers who hesitate,PEPONI MUSIC,55,99,186,49479,5BqwC9kOBbqYkzdOKeXFFk
95,spotify:track:4p4yxplNCSmt9xfaAMpcd5,BIG Naughty,Vancouver,H1GHR MUSIC RECORDS,40,110,125,49119,4p4yxplNCSmt9xfaAMpcd5
96,spotify:track:2gkVEnpahpE3bQuvGuCpAV,Jung Kook,Yes or No,BIGHIT MUSIC,7,92,48,49018,2gkVEnpahpE3bQuvGuCpAV
97,spotify:track:04TshWXkhV1qkqHzf31Hn6,Kenshi Yonezu,Lemon,Sony Music Labels Inc.,25,98,99,48642,04TshWXkhV1qkqHzf31Hn6
98,spotify:track:2O4Bb2WCkjlTPO827OnBMI,LE SSERAFIM,EASY,SOURCE MUSIC,3,100,33,48565,2O4Bb2WCkjlTPO827OnBMI
99,spotify:track:1E14FuM0BRaHAJSJ9YxMVu,Lim Young Woong,A Psalm of Life,물고기뮤직,26,93,121,48173,1E14FuM0BRaHAJSJ9YxMVu
100,spotify:track:2lsRp40mCRkhqULWdMbOzn,Lim Young Woong,I Love You,물고기뮤직,15,96,125,48150,2lsRp40mCRkhqULWdMbOzn
101,spotify:track:0dS2u2UFd88TIzDDaZDLvS,d4vd,Here With Me,Darkroom/Interscope Records,72,156,90,48002,0dS2u2UFd88TIzDDaZDLvS
102,spotify:track:3s761CQaziQ0GEN1yUkIsG,Nerd Connection,‎Good Night Good Dream,Your Summer,81,105,109,47820,3s761CQaziQ0GEN1yUkIsG
103,spotify:track:7wLJ4xzxNss5abZ1kXs242,"Car, the garden",Closely Far Away,니즈뮤직,103,172,3,47312,7wLJ4xzxNss5abZ1kXs242
104,spotify:track:2cxcqKwQtfKq7giphxjzOu,tuki.,晩餐歌,月面着陸計画,86,87,17,47073,2cxcqKwQtfKq7giphxjzOu
105,spotify:track:3UQqoKVHxCodlqcdy8yeLb,KEY,Golden,SM Entertainment,105,165,2,47007,3UQqoKVHxCodlqcdy8yeLb
106,spotify:track:4xun4NeTMbv8dCzORoPA0w,KEY,Overthink,SM Entertainment,106,171,2,46597,4xun4NeTMbv8dCzORoPA0w
107,spotify:track:0OA00aPt3BV10qeMIs3meW,"Hanumankind, Kalmi",Big Dawgs,Universal Music India Pvt Ltd.,51,91,8,46171,0OA00aPt3BV10qeMIs3meW
108,spotify:track:365znJ27Fb3faGsctmQYWR,Lim Young Woong,Father,물고기뮤직,29,104,120,46143,365znJ27Fb3faGsctmQYWR
109,spotify:track:1SS0WlKhJewviwEDZ6dWj0,"ZICO, JENNIE",SPOT!,KOZ Entertainment,2,109,23,45462,1SS0WlKhJewviwEDZ6dWj0
110,spotify:track:7z7kvUQGwlC6iOl7vMuAr9,The Weeknd,Dancing In The Flames,XO / Republic Records,32,79,3,45401,7z7kvUQGwlC6iOl7vMuAr9
111,spotify:track:0aZG8KWrpRnsGL0loUkfSj,TWS,plot twist,PLEDIS Entertainment,9,116,37,45356,0aZG8KWrpRnsGL0loUkfSj
112,spotify:track:7x3SGAkfIrzDr9paSslwMv,Lim Young Woong,Lovely Touch,물고기뮤직,28,114,123,45341,7x3SGAkfIrzDr9paSslwMv
113,spotify:track:2ODZujtUNxCQDfKCxCeRxZ,PLAVE,Our Movie,VLAST,63,95,7,45235,2ODZujtUNxCQDfKCxCeRxZ
114,spotify:track:7vjfnsnDXZGK4PSq54ISjc,LE SSERAFIM,1-800-hot-n-fun,SOURCE MUSIC,32,89,5,45031,7vjfnsnDXZGK4PSq54ISjc
115,spotify:track:3bNNvJA7hsGw0wSpGkfOBm,Jung Kook,Too Sad to Dance,BIGHIT MUSIC,10,107,48,44927,3bNNvJA7hsGw0wSpGkfOBm
116,spotify:track:2SBnYX6QFYotZEeVgxr0nv,HOMIES,NOSAE NOSAE,㈜호미들,116,131,3,44841,2SBnYX6QFYotZEeVgxr0nv
117,spotify:track:3lboRjzlrZ8tFxR0y59Yny,KEY,I Know,SM Entertainment,117,193,2,44734,3lboRjzlrZ8tFxR0y59Yny
118,spotify:track:24ISyrkOgpc0IodIEUokog,데이먼스 이어 Damons year,yours,Akashic Records,48,125,105,44686,24ISyrkOgpc0IodIEUokog
119,spotify:track:0OaHZgVm77zLQNR3kwFf6n,BOYNEXTDOOR,Dangerous,KOZ Entertainment,31,72,5,44599,0OaHZgVm77zLQNR3kwFf6n
120,spotify:track:0tHp91iPXT425nduoYRHlm,KEY,Novacaine,SM Entertainment,120,-1,1,44334,0tHp91iPXT425nduoYRHlm
121,spotify:track:0RiRZpuVRbi7oqRdSMwhQY,"Post Malone, Swae Lee",Sunflower - Spider-Man: Into the Spider-Verse,Republic Records,35,118,183,44249,0RiRZpuVRbi7oqRdSMwhQY
122,spotify:track:3vkCueOmm7xQDoJ17W1Pm3,Mitski,My Love Mine All Mine,Dead Oceans,35,132,53,44194,3vkCueOmm7xQDoJ17W1Pm3
123,spotify:track:4eF3keUr7n9TXSl4NaZQOS,QWER,FAKE IDOL,TAMAGO PRODUCTION,123,135,4,44176,4eF3keUr7n9TXSl4NaZQOS
124,spotify:track:43u5DDtK4vQ1coWXb4S5a8,Lim Young Woong,HERO,"TIZZO C&C, New Era Project",31,113,103,43957,43u5DDtK4vQ1coWXb4S5a8
125,spotify:track:5XWlyfo0kZ8LF7VSyfS4Ew,aespa,Drama,SM Entertainment / Warner Records,15,134,47,43909,5XWlyfo0kZ8LF7VSyfS4Ew
126,spotify:track:1L3tUdD47eusTrxQRnr7IK,KEY,Going Up,SM Entertainment,126,-1,1,43871,1L3tUdD47eusTrxQRnr7IK
127,spotify:track:0yfQBmmOIVqiwhV5u10EhN,Lim Young Woong,Love Letter,물고기뮤직,23,112,120,43710,0yfQBmmOIVqiwhV5u10EhN
128,spotify:track:3X76Lal4GwBFqriHz1FbLU,FIFTY FIFTY,SOS,ATTRAKT,101,101,2,43661,3X76Lal4GwBFqriHz1FbLU
129,spotify:track:2LBqCSwhJGcFQeTHMVGwy3,The Weeknd,Die For You,Universal Republic Records,36,143,118,43318,2LBqCSwhJGcFQeTHMVGwy3
130,spotify:track:1NubJcJa12xLssOkQfWZDZ,PLAVE,Watch Me Woo!,VLAST,67,102,7,43269,1NubJcJa12xLssOkQfWZDZ
131,spotify:track:0vaxYDAuAO1nPolC6bQp7V,KISS OF LIFE,Midas Touch,S2 ENTERTAINMENT INC.,10,124,27,42913,0vaxYDAuAO1nPolC6bQp7V
132,spotify:track:58Q3FZFs1YXPpliWQB5kXB,NewJeans,Right Now,ADOR,4,117,15,42518,58Q3FZFs1YXPpliWQB5kXB
133,spotify:track:1UyrFk2u0Asqmys76trMLi,PLAVE,From,VLAST,71,106,7,42423,1UyrFk2u0Asqmys76trMLi
134,spotify:track:3HIDWyZGwSe5MhrSP890nc,Lim Jae Hyun,Rhapsody of Sadness,"DAWN TAPE, IK PRODUCTION",65,129,39,42223,3HIDWyZGwSe5MhrSP890nc
135,spotify:track:1lODrFR40rSNAw5cX4j2J2,PLAVE,The 6th Summer,VLAST,83,108,9,41838,1lODrFR40rSNAw5cX4j2J2
136,spotify:track:4SqWKzw0CbA05TGszDgMlc,The Walters,I Love You So,Warner Records,63,161,50,41662,4SqWKzw0CbA05TGszDgMlc
137,spotify:track:4tjE2J3OLy3oOM6JecEfCG,PLAVE,Merry PLLIstmas,VLAST,93,115,7,41545,4tjE2J3OLy3oOM6JecEfCG
138,spotify:track:1mea3bSkSGXuIRvnydlB5b,Coldplay,Viva La Vida,Parlophone UK,129,188,11,41525,1mea3bSkSGXuIRvnydlB5b
139,spotify:track:4mMtn8zhy4IaOwzNCgSbCT,PLAVE,Virtual Idol,VLAST,72,111,7,41466,4mMtn8zhy4IaOwzNCgSbCT
140,spotify:track:294hRgOqnGW2BemqP8D35X,(G)I-DLE,Klaxon,CUBE Entertainment,43,123,13,41353,294hRgOqnGW2BemqP8D35X
141,spotify:track:15HNdxGKNCIO9pgaY4n7FU,OFFICIAL HIGE DANDISM,Pretender,PONY CANYON INC.,137,137,16,41139,15HNdxGKNCIO9pgaY4n7FU
142,spotify:track:3xkHsmpQCBMytMJNiDf3Ii,Benson Boone,Beautiful Things,"Night Street Records, Inc./Warner Records Inc.",21,127,37,40942,3xkHsmpQCBMytMJNiDf3Ii
143,spotify:track:1TCkgf6YdQa9jzhWziWbjf,Lim Young Woong,Elevator,덕업닷컴,52,120,84,40588,1TCkgf6YdQa9jzhWziWbjf
144,spotify:track:05STjz8kmPBUebu3uu5sO0,Lim Young Woong,Nest,물고기뮤직,38,139,116,40538,05STjz8kmPBUebu3uu5sO0
145,spotify:track:2y8vRHEoz15sYDmxyrDePO,TWS,"If I’m S, Can You Be My N?",PLEDIS Entertainment,33,121,15,40423,2y8vRHEoz15sYDmxyrDePO
146,spotify:track:1UHS8Rf6h5Ar3CDWRd3wjF,Sabrina Carpenter,Bed Chem,Island Records,131,141,5,40239,1UHS8Rf6h5Ar3CDWRd3wjF
147,spotify:track:3T03rPwlL8NVk1yIaxeD8U,Justin Bieber,Off My Face,RBMG/Def Jam,24,155,181,39975,3T03rPwlL8NVk1yIaxeD8U
148,spotify:track:5expoVGQPvXuwBBFuNGqBd,NewJeans,Hurt,ADOR,4,126,114,39703,5expoVGQPvXuwBBFuNGqBd
149,spotify:track:4mqfe9XrgEOSsofvq5MyjR,LEE CHANGSUB,Heavenly fate,TOON STUDIO,98,146,27,39597,4mqfe9XrgEOSsofvq5MyjR
150,spotify:track:6DA7kCWYMggJjqPM84V2Ng,HYUKOH,TOMBOY,DOOROODOOROO ARTIST COMPANY,85,140,21,39413,6DA7kCWYMggJjqPM84V2Ng
151,spotify:track:5YqEzk3C5c3UZ1D5fJUlXA,"Nicky Youre, dazy",Sunroof,Thirty Knots/Columbia,34,163,81,39318,5YqEzk3C5c3UZ1D5fJUlXA
152,spotify:track:50kpGaPAhYJ3sGmk6vplg0,Justin Bieber,Love Yourself,RBMG/Def Jam,79,180,185,38866,50kpGaPAhYJ3sGmk6vplg0
153,spotify:track:4srbKZGPFWK1rqVFS9KDFR,DAY6,Love me or Leave me,JYP Entertainment,144,144,3,38722,4srbKZGPFWK1rqVFS9KDFR
154,spotify:track:45OflED18VsURGw2z0Y6Cv,tripleS,Girls Never Die,MODHAUS,17,149,21,38638,45OflED18VsURGw2z0Y6Cv
155,spotify:track:0djkJ3iAARXRCbfbwwVc3o,IU,Love wins all,EDAM Entertainment,8,128,37,38567,0djkJ3iAARXRCbfbwwVc3o
156,spotify:track:6dgUya35uo964z7GZXM07g,Sabrina Carpenter,Nonsense,Island Records,19,148,94,38174,6dgUya35uo964z7GZXM07g
157,spotify:track:1njlnn8ZKHI77Pe9szIONR,BABYMONSTER,SHEESH,YG Entertainment,9,151,27,37734,1njlnn8ZKHI77Pe9szIONR
158,spotify:track:6I3mqTwhRpn34SLVafSH7G,Justin Bieber,Ghost,RBMG/Def Jam,15,189,161,37587,6I3mqTwhRpn34SLVafSH7G
159,spotify:track:1w2hClDL1xH4FPZIipZ1FJ,Yoon Do Hyun,I Guess I Loved You,Universal Music Ltd.,80,122,63,37535,1w2hClDL1xH4FPZIipZ1FJ
160,spotify:track:2kIUILBPlz4exX9xIFS275,ILLIT,Lucky Girl Syndrome,BELIFT LAB,23,159,28,37456,2kIUILBPlz4exX9xIFS275
161,spotify:track:2gyCwrOcC6JBoaJ8JGJ7T8,TAEYEON,To. X,SM Entertainment,13,160,45,37452,2gyCwrOcC6JBoaJ8JGJ7T8
162,spotify:track:6RUKPb4LETWmmr3iAEQktW,"The Chainsmokers, Coldplay",Something Just Like This,Disruptor Records/Columbia,133,169,23,37149,6RUKPb4LETWmmr3iAEQktW
163,spotify:track:4ppKRxity3jJd2hGoVyD4u,Zion.T,No Make Up,Stone Music Entertainment,163,-1,3,37063,4ppKRxity3jJd2hGoVyD4u
164,spotify:track:0UaaFmF3xUwMjnuAHBq7qL,Crush,Love You With All My Heart,소리날리,21,164,27,37063,0UaaFmF3xUwMjnuAHBq7qL
165,spotify:track:66UcQu5LBo2A7AC0A5r0lI,HYUKOH,Wi Ing Wi Ing,DOOROODOOROO ARTIST COMPANY,137,177,18,36906,66UcQu5LBo2A7AC0A5r0lI
166,spotify:track:6AI3ezQ4o3HUoP6Dhudph3,Kendrick Lamar,Not Like Us,"Kendrick Lamar, under exclusive license to Interscope Records",28,136,22,36843,6AI3ezQ4o3HUoP6Dhudph3
167,spotify:track:30tYWTkLIQtZWnRIOqcHnJ,"Car, the garden",나무,Kakao Entertainment,167,174,3,36734,30tYWTkLIQtZWnRIOqcHnJ
168,spotify:track:1RMJOxR6GRPsBHL8qeC2ux,"Daniel Caesar, H.E.R.",Best Part (feat. H.E.R.),Golden Child Recordings,109,178,38,36695,1RMJOxR6GRPsBHL8qeC2ux
169,spotify:track:4fYte8ZvTK14NEhAOZocBi,OneRepublic,I Ain't Worried,Mosley Music/Interscope Records,1,194,115,36499,4fYte8ZvTK14NEhAOZocBi
170,spotify:track:4r1caIy3DscFsJuNXKIo5g,PLAVE,Wait for you,VLAST,103,138,7,36455,4r1caIy3DscFsJuNXKIo5g
171,spotify:track:11s5p72subU7SHJPzyR2Lq,RIIZE,Memories,SM Entertainment,36,150,57,36344,11s5p72subU7SHJPzyR2Lq
172,spotify:track:19Hg1UCZaCdpHB37L7x63X,The Black Skirts,EVERYTHING,"DOGGYRICH FOREVER, BESPOK.",110,181,87,36135,19Hg1UCZaCdpHB37L7x63X
173,spotify:track:3AJwUDP919kvQ9QcozQPxg,Coldplay,Yellow,Parlophone UK,157,157,3,35944,3AJwUDP919kvQ9QcozQPxg
174,spotify:track:3ybJERCKs3Jf3aT7xU1Vs4,aespa,Live My Life,SM Entertainment,85,183,19,35795,3ybJERCKs3Jf3aT7xU1Vs4
175,spotify:track:7rdGrVIoqwPWOULauvglio,Adam Levine,Lost Stars,Interscope Records*,175,-1,1,35774,7rdGrVIoqwPWOULauvglio
176,spotify:track:3scRk3rUGIwpCg9kMNrtEQ,Baek A,Amor,Baek A,17,197,86,35761,3scRk3rUGIwpCg9kMNrtEQ
177,spotify:track:4zCcKPm03kHARVAiyzlDX8,Lim Young Woong,Trust in me,TV CHOSUN,46,168,110,35698,4zCcKPm03kHARVAiyzlDX8
178,spotify:track:0NPR33dSDeDdlWS4aaN3dc,Lim Young Woong,My Starry Love,"TIZZO C&C, New Era Project, MULGOGI MUSIC",43,167,103,35627,0NPR33dSDeDdlWS4aaN3dc
179,spotify:track:2i3HoDE1ZvQ2bh2ZmgpSug,Nerd Connection,Silently Completely Eternally,유어썸머,170,170,10,35607,2i3HoDE1ZvQ2bh2ZmgpSug
180,spotify:track:4cGxjripxGYy1VrC9gzmlF,"HOZIHO, Choi Sung Ho",Don't Cry,HOZIHOMUSIC,119,133,29,35556,4cGxjripxGYy1VrC9gzmlF
181,spotify:track:5KfJvZ0PZzRdwFRaTUDAA7,Jung Kook,Somebody,BIGHIT MUSIC,12,175,47,35218,5KfJvZ0PZzRdwFRaTUDAA7
182,spotify:track:2PnlsTsOTLE5jnBnNe2K0A,Linkin Park,The Emptiness Machine,Warner Records,179,179,4,35126,2PnlsTsOTLE5jnBnNe2K0A
183,spotify:track:02wk5BttM0QL38ERjLPQJB,NewJeans,Cool With You,ADOR,5,182,63,35115,02wk5BttM0QL38ERjLPQJB
184,spotify:track:3bSiun4NYEYvoer5zfSMPt,NCT WISH,Dunk Shot,SM Entertainment,166,166,3,35004,3bSiun4NYEYvoer5zfSMPt
185,spotify:track:0VjIjW4GlUZAMYd2vXMi3b,The Weeknd,Blinding Lights,Republic Records,8,200,136,34753,0VjIjW4GlUZAMYd2vXMi3b
186,spotify:track:0VdwOoAKPe9aGahkpllfkH,BUMJIN,A Letter,JMG(더블엑스엔터테인먼트),68,-1,36,34680,0VdwOoAKPe9aGahkpllfkH
187,spotify:track:42VsgItocQwOQC3XWZ8JNA,"Travis Scott, Playboi Carti",FE!N (feat. Playboi Carti),Cactus Jack/Epic,42,-1,23,34542,42VsgItocQwOQC3XWZ8JNA
188,spotify:track:6VhuP99TE6gYNQRJIlAWFD,Stephen Sanchez,Until I Found You,Republic Records,77,-1,41,34450,6VhuP99TE6gYNQRJIlAWFD
189,spotify:track:3DK6m7It6Pw857FcQftMds,"Kanye West, Pusha T",Runaway,Roc-A-Fella,34,153,6,34442,3DK6m7It6Pw857FcQftMds
190,spotify:track:7CkjU55ROZSwb95dzGan0o,Geeks,Officially Missing You,"킹핀엔터테인먼트, GRDL",185,196,4,34417,7CkjU55ROZSwb95dzGan0o
191,spotify:track:1IvOxLYTstsq5Z6pN3l3zm,Lim Young Woong,Loving You,물고기뮤직,48,186,111,34417,1IvOxLYTstsq5Z6pN3l3zm
192,spotify:track:2D1xAiDD33nqcxtSMH30hO,Lim Young Woong,Love Station,물고기뮤직,39,190,112,34322,2D1xAiDD33nqcxtSMH30hO
193,spotify:track:7B9W7Qsy5M2kyUNjQYIEG8,fromis_9,DM,PLEDIS Entertainment,8,173,40,34241,7B9W7Qsy5M2kyUNjQYIEG8
194,spotify:track:0NoeYUnwpb9R26mpylHcR9,KISS OF LIFE,Sugarcoat (NATTY Solo),S2 ENTERTAINMENT INC.,28,-1,64,34150,0NoeYUnwpb9R26mpylHcR9
195,spotify:track:0GqAWZe1A5ecKadZrHk6XH,Stray Kids,Chk Chk Boom,JYP Entertainment,30,147,11,34072,0GqAWZe1A5ecKadZrHk6XH
196,spotify:track:1jXkl4Jv3iiX0Maj77witN,IVE,HEYA,STARSHIP Entertainment,10,199,23,34039,1jXkl4Jv3iiX0Maj77witN
197,spotify:track:5VBjyOQzqlPNgdRPMM6prF,wave to earth,seasons,ADA Korea,163,-1,10,33793,5VBjyOQzqlPNgdRPMM6prF
198,spotify:track:0TU3HvHsqJyKVBP8eFIUFQ,PLAVE,Pixel world,VLAST,168,184,5,33495,0TU3HvHsqJyKVBP8eFIUFQ
199,spotify:track:5Odq8ohlgIbQKMZivbWkEo,"Charlie Puth, Jung Kook, BTS",Left and Right (Feat. Jung Kook of BTS),Atlantic Records,1,97,119,33486,5Odq8ohlgIbQKMZivbWkEo
200,spotify:track:7KA4W4McWYRpgf0fWsJZWB,"Tyler, The Creator, Kali Uchis",See You Again (feat. Kali Uchis),Columbia,197,-1,3,33387,7KA4W4McWYRpgf0fWsJZWB
