rank,uri,artist_names,track_name,source,peak_rank,previous_rank,days_on_chart,streams
1,"spotify:track:3r8RuvgbX9s7ammBn07D3W","NewJeans","Ditto","ADOR",1,1,14,"75985"
2,"spotify:track:0a4MMyCrzT0En247IhqZbD","NewJeans","Hype Boy","ADOR",1,2,154,"34202"
3,"spotify:track:4fsQ0K37TOXa3hEQfjEic1","LE SSERAFIM","ANTIFRAGILE","SOURCE MUSIC",1,3,77,"26620"
4,"spotify:track:6RBziRcDeiho3iTPdtEeg9","Younha","Event Horizon","C9 Entertainment",1,4,96,"23102"
5,"spotify:track:2pIUpMhHL6L9Z5lnKxJJr9","NewJeans","Attention","ADOR",1,5,154,"21934"
6,"spotify:track:27bIik73QCu8Xzt3xpG1bI","NCT DREAM","Candy","SM Entertainment",1,6,17,"20167"
7,"spotify:track:1RDvyOk4WtPCtoqciJwVn8","Jung Kook, BTS, FIFA Sound","Dreamers [Music from the FIFA World Cup Qatar 2022 Official Soundtrack]","Katara Studios | 2101 Records under exclusive license to UnitedMasters LLC",1,7,44,"19609"
8,"spotify:track:2gYj9lubBorOPIVWsTXugG","IVE","After LIKE","STARSHIP Entertainment",1,8,133,"17484"
9,"spotify:track:5Odq8ohlgIbQKMZivbWkEo","Charlie Puth, Jung Kook, BTS","Left and Right (Feat. Jung Kook of BTS)","Atlantic Records",1,10,192,"16952"
10,"spotify:track:5UOY3OZib7H4KFwTfsT66g","Lee Young Ji, pH-1","NOT SORRY (Feat. pH-1) (Prod. by Slom)","Genie Music Corporation",8,9,16,"15578"
11,"spotify:track:1Qrg8KqiBpW07V7PNxwwwL","SZA","Kill Bill","Top Dawg Entertainment/RCA Records",11,11,24,"14807"
12,"spotify:track:2DwUdMJ5uxv20EhAildreg","NewJeans","Cookie","ADOR",3,13,154,"12883"
13,"spotify:track:3XfngyuVjltVRHSsLjrCRO","JUSTHIS, R.Tee, DON MALIK, Huh, KHAN, Mckdaddy, Los","MY WAY (Prod. R.Tee)","Genie Music Corporation",5,12,30,"12721"
14,"spotify:track:6NnCWIWV740gP7DQ8kqdIE","(G)I-DLE","Nxde","CUBE ENTERTAINMENT",1,14,77,"12524"
15,"spotify:track:3khEEPRyBeOUabbmOPJzAG","Kenshi Yonezu","KICK BACK","Sony Music Labels Inc.",10,15,83,"12474"
16,"spotify:track:0Q5VnK2DYzRyfqQRJuUtvi","IVE","LOVE DIVE","STARSHIP Entertainment",1,16,272,"11635"
17,"spotify:track:5expoVGQPvXuwBBFuNGqBd","NewJeans","Hurt","ADOR",4,22,154,"10176"
18,"spotify:track:296nXCOv97WJNRWzIBQnoj","LE SSERAFIM","FEARLESS","SOURCE MUSIC",2,19,245,"10127"
19,"spotify:track:7gRFDGEzF9UkBV233yv2dc","BLACKPINK","Shut Down","YG Entertainment",1,20,108,"9975"
20,"spotify:track:3nqQXoyQOWXiESFLlDF1hG","Sam Smith, Kim Petras","Unholy (feat. Kim Petras)","Capitol Records UK / EMI",7,18,101,"9816"
21,"spotify:track:0h7QMc9ZRzA9QJrbEHytn2","JIN","The Astronaut","BIGHIT MUSIC",3,24,66,"9706"
22,"spotify:track:1AZjCZSGEjlxUufFQwSszF","RM, Youjeen","Wild Flower (with youjeen)","BIGHIT MUSIC",3,21,31,"9457"
23,"spotify:track:5zwwW9Oq7ubSxoCGyW1nbY","BLACKPINK","Pink Venom","YG Entertainment",1,23,136,"9177"
24,"spotify:track:0V3wPSX9ygBnCm8psDIegu","Taylor Swift","Anti-Hero","Taylor Swift",4,25,73,"8915"
25,"spotify:track:20JkEhlKCrKtzORT5qDdWE","DON MALIK, BIG Naughty, JUSTHIS","EYE (Feat. BIG Naughty, JUSTHIS) (Prod. R.Tee)","Genie Music Corporation",8,26,16,"8608"
26,"spotify:track:0o9zmvc5f3EFApU52PPIyW","Fujii Kaze","Shinunoga E-Wa","Universal Music LLC",17,27,127,"8304"
27,"spotify:track:6auT8cRBu3BgPRBrdVBY15","Lim Young Woong","London Boy","물고기뮤직",27,32,47,"8239"
28,"spotify:track:2tA3NP12r4niSRhb9Y6AoY","Lim Young Woong","Polaroid","물고기뮤직",28,33,47,"8095"
29,"spotify:track:5mdWIwsJAzR97ShGkt8gcR","ZICO, HOMIES","New thing (Prod. ZICO) (Feat. Homies)","Genie Music Corporation",1,28,118,"7783"
30,"spotify:track:4Dvkj6JhhA12EX05fT7y2e","Harry Styles","As It Was","Columbia",2,29,276,"7665"
31,"spotify:track:10SRMwb9EuVS1K9rYsBfHQ","BTS","Yet To Come","BIGHIT MUSIC",1,31,206,"7584"
32,"spotify:track:2RLdkXSaiQjRbey5pvP8Kt","Lim Young Woong","If We Ever Meet Again","물고기뮤직",3,41,245,"7479"
33,"spotify:track:4njyS3c6btHwlhVuYt4ks5","Yerin Baek","Fuckin' New Year","Blue Vinyl",33,-1,1,"7376"
34,"spotify:track:4h9wh7iOZ0GGn8QVp4RAOB","OneRepublic","I Ain't Worried","Interscope Records",1,30,195,"7368"
35,"spotify:track:07trPhWMgiagFnSOlmpzl0","BE'O, ZICO","Complex (Feat. ZICO)","BIGPLANETMADE, SWING ENTERTAINMENT, FameUs Entertainment",17,34,95,"7150"
36,"spotify:track:3scRk3rUGIwpCg9kMNrtEQ","Baek A","Amor","Baek A",16,35,107,"7057"
37,"spotify:track:6C734SmqoIYuRWo2qSCnpC","NMIXX","DICE","JYP Entertainment",11,36,105,"6948"
38,"spotify:track:5YMXGBD6vcYP7IolemyLtK","BTS","Euphoria","BIGHIT MUSIC",17,42,653,"6770"
39,"spotify:track:5aucVLKiumD89mxVCB4zvS","Crush, j-hope","Rush Hour (Feat. j-hope of BTS)","피네이션",6,37,102,"6767"
40,"spotify:track:5odlY52u43F5BjByhxg7wg","JVKE","golden hour","JVKE",36,38,131,"6703"
41,"spotify:track:6tgVI8jFmgbCUhxxyCt2yD","GroovyRoom, lIlBOI, BLASÉ, Roh Yun Ha, Polodared, Chillin Homie, Fleeky Bang","We Higher (Prod. GroovyRoom)","Genie Music Corporation",10,40,30,"6588"
42,"spotify:track:3iLBFgaQJ94iarMgzrTuWb","Charlie Puth","I Don’t Think That I Like Her","Atlantic Records",6,44,109,"6565"
43,"spotify:track:7tOsgOjrzBVQqyaMDBlZV8","Younha","Oort Cloud","C9 Entertainment",28,39,69,"6445"
44,"spotify:track:4p4yxplNCSmt9xfaAMpcd5","BIG Naughty","Vancouver","H1GHR MUSIC RECORDS",34,48,242,"6181"
45,"spotify:track:6KgkuACjbs8BCaGwwZt4Fj","BLASÉ, lIlBOI, Spray","Diamonds (Feat. lIlBOI, Spray)","Genie Music Corporation",45,47,2,"6116"
46,"spotify:track:0QHEIqNKsMoOY5urbzN48u","Meghan Trainor","Made You Look","Epic",29,50,66,"6107"
47,"spotify:track:0Hy3JNYKAJu4ttcyQHzzYA","Yerin Baek","Big world","Blue Vinyl",47,-1,1,"6060"
48,"spotify:track:7n2FZQsaLb7ZRfRPfEeIvr","IVE","ELEVEN","STARSHIP Entertainment",1,46,397,"6054"
49,"spotify:track:2dHHgzDwk4BJdRwy9uXhTO","Metro Boomin, The Weeknd, 21 Savage","Creepin' (with The Weeknd & 21 Savage)","Republic Records",32,49,31,"5945"
50,"spotify:track:4CtEpNW39gY6bHWFDfoXKG","Huh, Sunwoojunga, BOBBY","Ugly duckling (Feat. sunwoojunga, BOBBY) (Prod. R.Tee)","Genie Music Corporation",24,43,9,"5932"
51,"spotify:track:396FqjKmViUZ92Wmm4rx3i","aespa","도깨비불 (Illusion)","Warner Records",4,52,215,"5855"
52,"spotify:track:0HsRZwZzHoZ5AM5W2ZYI5c","BIG Naughty, 10CM","Beyond Love (Feat. 10CM)","H1GHR MUSIC RECORDS",2,45,257,"5850"
53,"spotify:track:0IGUXY4JbK18bu9oD4mPIm","(G)I-DLE","TOMBOY","CUBE ENTERTAINMENT",1,55,294,"5817"
54,"spotify:track:186NCtNk1tUYS7c2DxgJ7O","V","Christmas Tree","MOST CONTENTS",1,56,374,"5749"
55,"spotify:track:2oBMZYteeO8DyXV9gDx6Za","Red Velvet","Feel My Rhythm","SM Entertainment",1,58,287,"5728"
56,"spotify:track:7F0MuIk5glqtowCUjbn9es","LE SSERAFIM","Impurities","SOURCE MUSIC",10,53,77,"5722"
57,"spotify:track:2jidjmWNeRmKgLjXhW52Gz","Lim Young Woong","Our Blues, Our Life","물고기뮤직",10,69,244,"5654"
58,"spotify:track:69xohKu8C1fsflYAiSNbwM","BTS","Run BTS","BIGHIT MUSIC",2,51,206,"5598"
59,"spotify:track:4rMEoXVYww6Xy7q9wSj4gy","Lim Young Woong","Love Always Run Away","MOST CONTENTS",21,67,416,"5592"
60,"spotify:track:50xSycnGMDy0Wg5jJcOv3S","Lim Young Woong","Rainbow","물고기뮤직",7,78,230,"5427"
61,"spotify:track:4LJgBT9yo0beHlaBesCFEv","Red Velvet","Birthday","SM Entertainment",7,64,35,"5383"
62,"spotify:track:42zMiF3EFBg5CsYbgKdhj1","WJSN","As You Wish","STARSHIP ENTERTAINMENT",14,17,5,"5281"
63,"spotify:track:5PjdY0CKGZdEuoNab3yDmX","The Kid LAROI, Justin Bieber","STAY (with Justin Bieber)","Columbia",1,54,542,"5273"
64,"spotify:track:3lnn14odZPgqyNooN6jQBa","DON MALIK, Paloalto, JUSTHIS","PPAK (Feat. Paloalto, JUSTHIS) (Prod. R.Tee)","Genie Music Corporation",27,57,9,"5257"
65,"spotify:track:1sZBzYhrQG40zcSuKkI93c","LE SSERAFIM","Good Parts (when the quality is bad but I am)","SOURCE MUSIC",15,62,77,"5123"
66,"spotify:track:2LBqCSwhJGcFQeTHMVGwy3","The Weeknd","Die For You","Universal Republic Records",37,63,188,"5110"
67,"spotify:track:75hcx0Zao2wGlveS7kLIZo","Huh, CAMO, JUSTHIS","Way up (Feat. CAMO, JUSTHIS) (Prod. R.Tee)","Genie Music Corporation",65,65,2,"5064"
68,"spotify:track:775S83AMYbQc8SYteOktTL","10CM","Gradation","MAGIC STRAWBERRY SOUND",27,75,183,"5062"
69,"spotify:track:1LJT4ctFlHUSVsfZqMeaz0","ITZY","Cheshire","JYP Entertainment",37,59,33,"5043"
70,"spotify:track:5xHVCtel1AeJTaK3mS8UDf","KARA","WHEN I MOVE","㈜RBW",19,61,34,"4985"
71,"spotify:track:7CAdT0HdiQNlt1C7xk2hep","Jung Kook","Stay Alive (Prod. SUGA of BTS)","BIGHIT MUSIC",1,70,325,"4970"
72,"spotify:track:4FKmrrI6y8REWoCyV5tAhY","10CM, BIG Naughty","Just 10 centimeters","MAGIC STRAWBERRY SOUND, H1GHR MUSIC RECORDS",14,60,99,"4938"
73,"spotify:track:3drPHXPtY4FQ4H55QVLHbY","KHAN, Uneducated Kid, SUPERBEE","COMPASS (Feat. UNEDUCATED KID, SUPERBEE) (Prod. R.Tee)","Genie Music Corporation",14,68,16,"4922"
74,"spotify:track:3SB8fH05CZEkPTWJAgkAB2","Lee Young Ji, Jay Park","DEJAVU (Feat. Jay Park) (Prod. by Slom)","Genie Music Corporation",71,71,2,"4899"
75,"spotify:track:5QDLhrAOJJdNAmCTJ8xMyW","BTS","Dynamite","BIGHIT MUSIC",1,74,700,"4894"
76,"spotify:track:0wPKDeY4fZXT6k9bzV0kx0","Charlie Puth","That's Hilarious","Atlantic Records",5,81,269,"4853"
77,"spotify:track:3CYH422oy1cZNoo0GTG1TK","Red Velvet","Psycho","SM Entertainment",27,66,413,"4725"
78,"spotify:track:5QM0SsyzmBM0pbFY52Xj1X","Sam Smith","I'm Not The Only One","PLG - Capitol",40,76,109,"4659"
79,"spotify:track:41HriGdYdajxCJIOMiIBWs","Kim Seungmin","My pleasure Is That You Ride The Bentley","Beautifulnoise",19,86,164,"4598"
80,"spotify:track:6jjYDGxVJsWS0a5wlVF5vS","BTS","Butter","BIGHIT MUSIC",1,84,589,"4595"
81,"spotify:track:65TacPD6oZ2KKxWJf2yPlh","BLASÉ","Chosen 1","Genie Music Corporation",79,79,2,"4593"
82,"spotify:track:5BqwC9kOBbqYkzdOKeXFFk","JANNABI","for lovers who hesitate","PEPONI MUSIC",52,80,657,"4545"
83,"spotify:track:2gzhQaCTeNgxpeB2TPllyY","Jimin, HA SUNG WOON","With you","Genie Music Corporation, Stone Music Entertainment",2,83,253,"4494"
84,"spotify:track:797EOD68bmVFiyalgBGeOZ","Yorushika","左右盲","Universal Music LLC",84,106,12,"4415"
85,"spotify:track:78Sw5GDo6AlGwTwanjXbGh","d4vd","Here With Me","Darkroom/Interscope Records",85,102,31,"4341"
86,"spotify:track:6wBpO4Xc4YgShnENGSFA1M","LE SSERAFIM","Sour Grapes","SOURCE MUSIC",68,95,183,"4336"
87,"spotify:track:1Y3LN4zO1Edc2EluIoSPJN","Stephen Sanchez, Em Beihold","Until I Found You (with Em Beihold) - Em Beihold Version","Republic Records",74,90,25,"4324"
88,"spotify:track:3p4N6mBFv42M8dI8SUoPre","RM, Anderson .Paak","Still Life (with Anderson .Paak)","BIGHIT MUSIC",6,87,31,"4287"
89,"spotify:track:37YoRLUu1qId0ewavgvnkG","LE SSERAFIM","Blue Flame","SOURCE MUSIC",39,88,214,"4250"
90,"spotify:track:7uoFMmxln0GPXQ0AcCBXRq","Sia","Snowman","Monkey Puzzle/Atlantic",3,72,174,"4238"
91,"spotify:track:6410lt5ieSLvkczCmltXnc","DON MALIK, Whee In, JUSTHIS","Bathtub (Feat. Whee In, JUSTHIS) (Prod. R.Tee)","Genie Music Corporation",89,89,2,"4221"
92,"spotify:track:1jEBSDN5vYViJQr78W7jr2","Charlie Puth","Light Switch","Atlantic Records",6,94,347,"4174"
93,"spotify:track:4Cr43xPo7bwyCcL1g3yVCu","Lim Young Woong","A bientot","물고기뮤직",17,117,228,"4139"
94,"spotify:track:18x0Z8JUwLA2LhgsIHbNy3","DAY6","한 페이지가 될 수 있게","JYP Entertainment",73,73,48,"4099"
95,"spotify:track:3oiMjDZ1bShIpFfOQf55IW","BE'O","LOVE me","BIGPLANETMADE, SWING ENTERTAINMENT, FameUs Entertainment",12,92,265,"4086"
96,"spotify:track:4YTvuLSqKshDOJvwyDmAYS","Sung Si Kyung","Every moment of you","(주)SBS ContentsHub",70,100,309,"4071"
97,"spotify:track:0XVzQQ8m7CHmc58TDMJuRj","Huh, SOLE","See you ! (Feat. SOLE) (Prod. R.Tee)","Genie Music Corporation",97,104,2,"4069"
98,"spotify:track:6I3mqTwhRpn34SLVafSH7G","Justin Bieber","Ghost","RBMG/Def Jam",14,103,492,"4066"
99,"spotify:track:0O6u0VJ46W86TxN9wgyqDj","Post Malone, Doja Cat","I Like You (A Happier Song) (with Doja Cat)","Mercury Records/Republic Records",2,101,213,"4066"
100,"spotify:track:5rJ7bdPmr8nfmm2JQ8xHOz","NAYEON","POP!","JYP Entertainment",3,91,192,"4051"
101,"spotify:track:0xzI1KAr0Yd9tv8jlIk3sn","benny blanco, BTS, Snoop Dogg","Bad Decisions (with BTS & Snoop Dogg)","Friends Keep Secrets/Interscope Records",3,93,150,"3992"
102,"spotify:track:1klq7dgG1Pz0ijci5Pmae1","Stray Kids","CASE 143","JYP Entertainment",13,98,87,"3979"
103,"spotify:track:35ytd9cmG15jXG0RKWC9p4","NCT DREAM","Graduation","SM Entertainment",10,77,17,"3970"
104,"spotify:track:2j1fFjWHCI9KJSwcuYAOyF","BTS","봄날","BIGHIT MUSIC",27,108,466,"3969"
105,"spotify:track:7aNA0yQbOYu3HKWv9zElJX","toigo, Jay Park, Jessi","BLUE CHECK (Feat. Jay Park, Jessi) (Prod. by Slom)","Genie Music Corporation",56,99,16,"3953"
106,"spotify:track:0kqTXMHiQiB7IECD0WwcPq","TWICE","Talk that Talk","JYP Entertainment",9,96,129,"3953"
107,"spotify:track:1v520W6rEa0nB2vvqAxnU3","Lee Young Ji, Jay Park, So!YoON!","WITCH (Feat. Jay Park, So!YoON!) (Prod. by Slom)","Genie Music Corporation",56,82,9,"3900"
108,"spotify:track:2lsRp40mCRkhqULWdMbOzn","Lim Young Woong","I Love You","물고기뮤직",11,130,234,"3872"
109,"spotify:track:4bZZVcgWWMWPBwzTTp642w","BTS","Filter","BIGHIT MUSIC",10,113,667,"3865"
110,"spotify:track:3XYRV7ZSHqIRDG87DKTtry","BTS","Permission to Dance","BIGHIT MUSIC",1,109,542,"3822"
111,"spotify:track:5Y35SjAfXjjG0sFQ3KOxmm","SZA","Nobody Gets Me","Top Dawg Entertainment/RCA Records",34,114,24,"3806"
112,"spotify:track:21ApmVGIzIAIDSBdHu6SVt","LE SSERAFIM","No Celestial","SOURCE MUSIC",14,110,77,"3794"
113,"spotify:track:4BLpd6QINAs4UXd1lVtdhj","Charlie Puth","Dangerously","Artist Partner",20,116,162,"3779"
114,"spotify:track:11BKm0j4eYoCPPpCONAVwA","Lady Gaga","Bloody Mary","Interscope",103,123,22,"3700"
115,"spotify:track:7x3SGAkfIrzDr9paSslwMv","Lim Young Woong","Lovely Touch","물고기뮤직",25,149,219,"3689"
116,"spotify:track:4h4QlmocP3IuwYEj2j14p8","Nicky Youre, dazy","Sunroof","Columbia",30,111,238,"3688"
117,"spotify:track:1RHTdr5QfviCYI70QPPDJN","tripleS","Generation","MODHAUS",39,125,65,"3618"
118,"spotify:track:66sBTYlkaiyBwf4fhbIHlZ","JIN","Yours","에이스토리, 모스트콘텐츠",5,118,255,"3609"
119,"spotify:track:4Q1mkQI9zKjEPsbI19hpsN","BLASÉ, Sik-K, Coogie","Name Tag (Feat. Sik-K, Coogie) (Prod. GroovyRoom)","Genie Music Corporation",49,105,9,"3581"
120,"spotify:track:1bDbXMyjaUIooNwFE9wn0N","Drake, 21 Savage","Rich Flex","OVO / Republic Records",21,107,59,"3580"
121,"spotify:track:0QzuaeCEEOV40Pn7IvKEny","Dhruv","double take","Little Worry/RCA Records",55,144,549,"3497"
122,"spotify:track:5xwBIieMMFUmLDgvG4DjFe","Stacey Ryan","Fall In Love Alone","Island Records",122,166,27,"3480"
123,"spotify:track:5GKwq4sO5ZHKuWaDmdwMQc","Red Velvet","Bad Boy","SM Entertainment",100,121,10,"3475"
124,"spotify:track:3YxK7NqMCWDpmrQ82Wvx25","KARA","STEP","DSP media",94,97,17,"3463"
125,"spotify:track:0Cuwd86fyu0lPVokzTp8Hu","RM, Paul Blanco, Mahalia","Closer (with Paul Blanco, Mahalia)","BIGHIT MUSIC",11,124,31,"3436"
126,"spotify:track:2sXaFMTkBHYrEgfGJ2y27a","RM, parkjiyoon","No.2 (with parkjiyoon)","BIGHIT MUSIC",14,115,31,"3404"
127,"spotify:track:4a9tbd947vo9K8Vti9JwcI","BTS, Halsey","작은 것들을 위한 시 (Boy With Luv) (feat. Halsey)","BIGHIT MUSIC",5,155,694,"3392"
128,"spotify:track:1nX1b7kRg5a6XKAq7uQOpr","ITZY","SNEAKERS","JYP Entertainment",8,122,171,"3390"
129,"spotify:track:26hOm7dTtBi0TdpDGl141t","Joji","Die For You","88rising Music/Warner Records",19,151,58,"3381"
130,"spotify:track:7rXcCpIAoOUCydkVDMcoPV","TAEYEON","INVU","SM Entertainment",1,138,320,"3366"
131,"spotify:track:46HNZY1i7O6jwTA7Slo2PI","Coldplay, BTS","My Universe","Parlophone UK",1,148,465,"3364"
132,"spotify:track:1z4mivQugjaobIZAqR4N4U","Tei","Monologue","Room Casting",75,134,88,"3359"
133,"spotify:track:7GNRUsU3M4XNDDB9xle5Dz","PSY, SUGA","That That (prod.&feat. SUGA of BTS)","P NATION",2,129,248,"3343"
134,"spotify:track:0UnOf7i44YK0ULpkEGHe4R","KyoungSeo","Dear my X","Engine of Dream",19,126,252,"3336"
135,"spotify:track:3TSLqZssCoCdDlMhCJ08XW","BIGBANG","Still Life","YG Entertainment",1,147,272,"3327"
136,"spotify:track:0YJFlxeHMUr9MxSDQVuQJA","BTS","시차","BIGHIT MUSIC",20,173,279,"3307"
137,"spotify:track:18FgZS3SkPGifWyVGYO9Gh","Roh Yun Ha, BE'O, HAON","Flick (Feat. BE′O, HAON) (Prod. GroovyRoom)","Genie Music Corporation",39,156,23,"3302"
138,"spotify:track:2IWjd02V6f5FBiC9ZDbe9R","NSW yoon, HOMIES","ERI ERI (Feat. Homies)","Genie Music Corporation",31,119,16,"3285"
139,"spotify:track:2WTHLEVjfefbGoW7F3dXIg","aespa","Girls","Warner Records",2,140,178,"3276"
140,"spotify:track:7gXMkqirKU23zgdlSAb00a","BE'O","Suddenly","Genie Music Corporation, Stone Music Entertainment",17,150,422,"3269"
141,"spotify:track:3uKoBRThCMtgKss90CiXQc","ASH ISLAND","Nightmare","Genie Music Corporation, Stone Music Entertainment",93,164,105,"3264"
142,"spotify:track:1E14FuM0BRaHAJSJ9YxMVu","Lim Young Woong","A Psalm of Life","물고기뮤직",41,181,202,"3260"
143,"spotify:track:1oen3GpTcA486fTHaT7neg","Girls' Generation","FOREVER 1","SM Entertainment",5,160,148,"3245"
144,"spotify:track:6z1kLsntE7FuzKZHZWrXYN","DEAN","instagram","Universal Music Ltd.",60,163,569,"3243"
145,"spotify:track:3bUD1FmJClHcD0U7rIN0TR","BIG Naughty, CHANGMO, Jay Park","Romance Symphony (Feat. CHANGMO, Jay Park)","H1GHR MUSIC RECORDS",16,178,206,"3211"
146,"spotify:track:4ewazQLXFTDC8XvCbhvtXs","Joji","Glimpse of Us","88rising Music/Warner Records",3,161,205,"3199"
147,"spotify:track:0ra3bPUOj2YnY4FJHXtgHZ","BIBI","BIBI Vengeance","FeelGhoodMusic",54,136,42,"3193"
148,"spotify:track:5quFr5s5PXYfUX5jV2EBZ1","Jay Park, IU","GANADARA (Feat. IU)","MORE VISION",1,146,295,"3188"
149,"spotify:track:19Hg1UCZaCdpHB37L7x63X","The Black Skirts","EVERYTHING","DOGGYRICH FOREVER, BESPOK.",107,168,217,"3181"
150,"spotify:track:5cTnKClHyczcUhFT8MKBZe","ATEEZ","HALAZIA","Genie Music Corporation, Stone Music Entertainment",135,135,3,"3178"
151,"spotify:track:0yfQBmmOIVqiwhV5u10EhN","Lim Young Woong","Love Letter","물고기뮤직",20,-1,207,"3176"
152,"spotify:track:4zCIxSnVWpGNghERX4uWZF","YENA, BIBI","SMILEY(Feat. BIBI)","Genie Music Corporation, Stone Music Entertainment",3,120,346,"3158"
153,"spotify:track:2X45nVBeYzmDlrXji9Av0Q","MeloMance","Love, Maybe","FLEX M",9,141,297,"3157"
154,"spotify:track:38T0tPVZHcPZyhtOcCP7pF","Lil Nas X","STAR WALKIN' (League of Legends Worlds Anthem)","Columbia",21,139,101,"3152"
155,"spotify:track:39EXZNMxb4RBHlRjnRaOKp","V","Sweet Night","(주)블렌딩",32,191,534,"3149"
156,"spotify:track:2SLwbpExuoBDZBpjfefCtV","The Weeknd","Out of Time","XO / Republic Records",7,143,358,"3105"
157,"spotify:track:2vA5M8uXee4amGQajyUMFR","Lee Mujin, HEIZE","When it snows(Feat.Heize)","ShowPLAY ENTERTAINMENT",69,142,134,"3098"
158,"spotify:track:2bU2EvhMM4Z1M1CLJlnZH1","데이먼스 이어 Damons year","yours","Akashic Records",66,179,128,"3067"
159,"spotify:track:4uUG5RXrOk84mYEfFvj3cK","David Guetta, Bebe Rexha","I'm Good (Blue)","Parlophone UK",54,112,115,"3066"
160,"spotify:track:423WHvB4mKprM6hELzpH3F","Nerd Connection","‎Good Night Good Dream","Your Summer",104,171,222,"3061"
161,"spotify:track:7hU3IHwjX150XLoTVmjD0q","LISA","MONEY","YG Entertainment",9,85,301,"3060"
162,"spotify:track:3T03rPwlL8NVk1yIaxeD8U","Justin Bieber","Off My Face","RBMG/Def Jam",20,152,652,"3057"
163,"spotify:track:7GARzfC1mwhDuk4t9WOACq","j-hope","MORE","BIGHIT MUSIC",1,137,179,"3041"
164,"spotify:track:04TshWXkhV1qkqHzf31Hn6","Kenshi Yonezu","Lemon","Sony Music Labels Inc.",139,182,69,"3032"
165,"spotify:track:3os9pSsg1aiL9sds6vFr8h","Chillin Homie, Roh Yun Ha, Fleeky Bang, KHAN","Go (Prod. GIRIBOY)","Genie Music Corporation",128,128,2,"3023"
166,"spotify:track:3ZCuqvHYhjDlliRH9oCs77","RM, Colde","Hectic (with Colde)","BIGHIT MUSIC",15,159,31,"3009"
167,"spotify:track:1XslqSASDWaMZdjhWa7Jb7","Yerin Baek","Bye bye my blue","JYP Entertainment",143,-1,40,"3007"
168,"spotify:track:26rFtNk7TNkJuLGq021Pvc","Lee Young Ji, Zion.T, Wonstein","HUG (Feat. Zion.T, Wonstein) (Prod. by Slom)","Genie Music Corporation",168,174,2,"3004"
169,"spotify:track:1bUacg9mWo407qZvsknlFd","데이먼스 이어 Damons year","josee!","Akashic Records",169,198,16,"2977"
170,"spotify:track:0pYacDCZuRhcrwGUA5nTBe","IU, SUGA","eight(Prod.&Feat. SUGA of BTS)","EDAM Entertainment",17,162,650,"2960"
171,"spotify:track:365znJ27Fb3faGsctmQYWR","Lim Young Woong","Father","물고기뮤직",22,-1,198,"2959"
172,"spotify:track:1mrS1j5cwaffpXsthTb2Qx","RM, Kim Sawol","Forg_tful (with Kim Sawol)","BIGHIT MUSIC",12,169,30,"2957"
173,"spotify:track:44mJS0YRReMdwrY0jFu9Cd","BLASÉ, lIlBOI, GIRIBOY","Holiday (Feat. lIlBOI, GIRIBOY) (Prod. GroovyRoom)","Genie Music Corporation",52,170,16,"2925"
174,"spotify:track:6I2tqFhk8tq69iursYxuxd","SEVENTEEN","HOT","PLEDIS Entertainment",10,167,218,"2919"
175,"spotify:track:0VjIjW4GlUZAMYd2vXMi3b","The Weeknd","Blinding Lights","Republic Records",6,187,662,"2917"
176,"spotify:track:54ipXppHLA8U4yqpOFTUhr","Imagine Dragons","Bones","Kid Ina Korner / Interscope",59,180,143,"2893"
177,"spotify:track:33zyxtEENVeaXiAZc8s6Wa","Jambino, meenoi, george","BINGO (Feat. meenoi, george) (Prod. by Slom)","Genie Music Corporation",38,177,16,"2883"
178,"spotify:track:50kpGaPAhYJ3sGmk6vplg0","Justin Bieber","Love Yourself","RBMG/Def Jam",60,183,618,"2879"
179,"spotify:track:1w2hClDL1xH4FPZIipZ1FJ","Yoon Do Hyun","I Guess I Loved You","Universal Music Ltd.",71,196,250,"2850"
180,"spotify:track:7MXtr93z4ltQzhfIxYnYWX","KyoungSeo","Shiny Star(2020)","Engine of Dream",88,176,139,"2847"
181,"spotify:track:49iPCmLYg3SS8r2MXcbR1N","RM","Lonely","BIGHIT MUSIC",16,185,30,"2836"
182,"spotify:track:4k6Uh1HXdhtusDW5y8Gbvy","Steve Lacy","Bad Habit","L-M Records/RCA Records",62,172,169,"2835"
183,"spotify:track:2g0LdZQce9xlcHb1mBJyuz","IU","strawberry moon","EDAM Entertainment",1,-1,370,"2833"
184,"spotify:track:5WxVXxCMRnvxUKFq40ELwq","RAYE, 070 Shake","Escapism.","Human Re Sources",152,193,7,"2830"
185,"spotify:track:2GyZkPeiJXXBqYY1ddtsjk","aespa","Dreams Come True","Warner Records",1,132,275,"2820"
186,"spotify:track:4QoOoFKhAWYOylWw2io6va","Lee Young Ji, toigo, J'Kyun, Jambino, XINSAYNE, Jay Park","WE (Feat. Jay Park) (Prod. by Slom)","Genie Music Corporation",39,158,30,"2818"
187,"spotify:track:02MWAaffLxlfxAUY7c5dvx","Glass Animals","Heat Waves","Polydor Records",12,157,674,"2818"
188,"spotify:track:3F3PuqGinS2T1ePmjUTw9t","RM, Erykah Badu","Yun (with Erykah Badu)","BIGHIT MUSIC",10,197,29,"2805"
189,"spotify:track:3zkyus0njMCL6phZmNNEeN","Central Cee","LET GO","Central Cee",142,195,14,"2792"
190,"spotify:track:6MCjmGYlw6mQVWRFVgBRvB","YOASOBI","夜に駆ける","YOASOBI",107,-1,433,"2790"
191,"spotify:track:3THdOskGxdJcRbp0DcS4s0","NCT DREAM","Life Is Still Going On","SM Entertainment",22,186,93,"2788"
192,"spotify:track:6VhuP99TE6gYNQRJIlAWFD","Stephen Sanchez","Until I Found You","Republic Records",56,-1,220,"2764"
193,"spotify:track:0tgxvf4rqBBeEB54h0nnRD","GyeongseoYeji, Jeon Gunho","If you lovingly call my name","EVERGLOW, Inc",67,184,442,"2753"
194,"spotify:track:6Vo3VtFuU8qHeXJpb5rDFa","Jambino, Loco, HyunA","LIKE WATER (Feat. Loco, HyunA)","Genie Music Corporation",74,188,9,"2744"
195,"spotify:track:3PgnXyzWXrEoE0oQdLMF3M","RM, Tablo","All Day (with Tablo)","BIGHIT MUSIC",13,190,29,"2734"
196,"spotify:track:6dgUya35uo964z7GZXM07g","Sabrina Carpenter","Nonsense","Island Records",133,-1,16,"2719"
197,"spotify:track:21jGcNKet2qwijlDFuPiPb","Post Malone","Circles","Republic Records",26,-1,648,"2714"
198,"spotify:track:7mD6UISuxA2uqWAQh7oSjV","Leellamarz, CRUCiAL STAR, QM, Kim Jae Wook, NSW yoon, DAMINI","AJUSHI","Genie Music Corporation",27,-1,29,"2709"
199,"spotify:track:2Dzzhb1oV5ckgOjWZLraIB","natori","Overdose","なとり",126,-1,63,"2691"
200,"spotify:track:008hCrBLW4a7BbC6c6UUBL","KHAN, HOMIES","GOBLIN (Feat. Homies) (Prod. R.Tee)","Genie Music Corporation",65,175,9,"2683"
